objective,train_n,p,n,N,mean_p,mean_p2,R_n,relative_se_mean,N_eff,top1_weight,top5_weight
mean_p,12,2,12,500,0.0056139890575287879,4.3651515571653722e-05,1.3850205057,0.0277496128152,361.005485437,0.00880533969238,0.0372130253509
mean_p,12,2,13,500,0.0036072542504312901,1.7727944414659122e-05,1.36240074897,0.0269221376927,366.999211045,0.00890151338065,0.037213898753
mean_p,12,2,14,500,0.0023665687950119823,7.7219597202950338e-06,1.37876187027,0.0275231491757,362.644203311,0.00925692905209,0.0353072494781
mean_p,12,2,15,500,0.001376362150250638,2.628667625892401e-06,1.38761898894,0.0278430956949,360.329459302,0.00769584707674,0.0325713791264
mean_p,12,2,16,500,0.0008828543302526337,1.1495968492307234e-06,1.47491659408,0.0308193638505,339.002220199,0.012700869439,0.0453671589813
mean_p,12,2,17,500,0.00056299331545501706,4.4489620430277893e-07,1.40362864844,0.0284122737015,356.219574568,0.00849963322405,0.0377785848149
mean_p,12,2,18,500,0.00034947562840321973,1.7071665276806164e-07,1.39779054355,0.0282060469954,357.70738492,0.00825159955038,0.0367120887884
mean_p,12,2,19,500,0.00021828442838896602,6.8610272840079506e-08,1.43993747546,0.0296626861717,347.237299203,0.00907995852011,0.0421608043305
mean_p,12,2,20,500,0.00013832970232351811,2.6346712147266335e-08,1.37687825701,0.0274546264593,363.140312119,0.00935941103764,0.0357894249229
mean_p,12,5,12,2000,0.027157727629423065,0.0010892826550797103,1.47690898147,0.0154419717244,1354.17959068,0.00270902837483,0.0121775915713
mean_p,12,5,13,2000,0.018772569095813423,0.00052547733142450177,1.49109928764,0.0156700237339,1341.29230466,0.00305249743974,0.0118528265155
mean_p,12,5,14,2000,0.012873811195588352,0.00025259874138155953,1.52411210051,0.0161881453618,1312.23943392,0.00326130442372,0.0130699466833
mean_p,12,5,15,2000,0.0085020214010891378,0.00011423419765624118,1.58034442256,0.0170344419128,1265.54690955,0.00332602086167,0.0135108283386
mean_p,12,5,16,2000,0.0056886074755976151,5.1917669827262847e-05,1.60436528726,0.0173834013827,1246.59889857,0.00382385621582,0.0144373033204
mean_p,12,5,17,2000,0.0037784540791925168,2.3398710196610033e-05,1.63894213914,0.0178737536508,1220.29933348,0.0032520977455,0.0128607717927
mean_p,12,5,18,1000,0.002641742213754399,1.1411427448104779e-05,1.63515565744,0.0252022946861,611.562572314,0.00490508694999,0.0241525903942
mean_p,12,5,19,1000,0.0017655969343517077,5.1006303035271334e-06,1.63621629933,0.0252233284744,611.166140082,0.00575001514736,0.0237173095232
mean_p,12,5,20,1000,0.0012438023033274682,2.6588025479465562e-06,1.71863389547,0.0268073477888,581.857487295,0.00777819368503,0.0294291422028
mean_p,12,10,12,2000,0.0768326284858077,0.0094120144324117572,1.59437766791,0.0172391656978,1254.40793625,0.00346075973144,0.0127226204009
mean_p,12,10,13,2000,0.056905911538644438,0.0053239310117106546,1.64405995185,0.017945193672,1216.50064996,0.00342153303267,0.0141845406264
mean_p,12,10,14,2000,0.042057136877108686,0.00295093835665123,1.66832527603,0.018280115919,1198.8069885,0.00352599401255,0.0140086091345
mean_p,12,10,15,2000,0.029147405683591913,0.0015155911801709155,1.78394827479,0.0197983367331,1121.10873856,0.00396498020904,0.0165284796612
mean_p,12,10,16,2000,0.020801203354371196,0.00078566033925801934,1.81575776772,0.020196011583,1101.46850839,0.00395279098397,0.0161585705133
mean_p,12,10,17,2000,0.014748661631902773,0.00041787463107554479,1.92105934905,0.021459955138,1041.09224995,0.00359390612948,0.0160971677355
mean_p,12,10,18,1000,0.011201146023164636,0.00023771484231584311,1.89466041258,0.029910874487,527.799068034,0.00617804445352,0.028359779241
mean_p,12,10,19,1000,0.0080148425999406418,0.00012127202110695891,1.88786363018,0.0297970406279,529.699277009,0.00651084705227,0.0293911742871
mean_p,12,10,20,1000,0.006014288787708562,7.4940404694552525e-05,2.0717983294,0.0327383311946,482.672461797,0.00889951264238,0.0379989990049
mean_p,12,20,12,2000,0.17208362062043253,0.046307577822984586,1.56377042525,0.0167894375315,1278.96011314,0.00250245697269,0.0102482902676
mean_p,12,20,13,2000,0.13495108982801005,0.029806857856338125,1.63667860102,0.0178420654777,1221.98701611,0.0026034559178,0.0120010014062
mean_p,12,20,14,2000,0.10697817433225418,0.01906866276950403,1.66621052786,0.0182511715769,1200.32850985,0.00275136119532,0.0121061374651
mean_p,12,20,15,2000,0.078702426277224638,0.011343969514261898,1.83142360855,0.0203890118514,1092.04664102,0.00330549565618,0.0159998292148
mean_p,12,20,16,2000,0.059998516847430926,0.006749097188159775,1.87484190701,0.0209146110053,1066.7566116,0.00363658939459,0.0165823886458
mean_p,12,20,17,2000,0.044452753691058874,0.003982536329703512,2.01540535396,0.0225322585859,992.356200736,0.0036183411951,0.0168250615631
mean_p,12,20,18,1000,0.036750591625779726,0.0027267535528456548,2.01891120241,0.0319203885066,495.316484849,0.00719431022538,0.029229217594
mean_p,12,20,19,1000,0.027925606405706283,0.0015584625443592689,1.99844013813,0.0315981033944,500.390269852,0.00624861161472,0.0294502153217
mean_p,12,20,20,1000,0.022027492158722788,0.0010740898975173845,2.21365797931,0.0348375943387,451.740968725,0.00843732071599,0.0372075358596
mean_p,12,50,12,2000,0.35380216257199093,0.18166411671283392,1.45126989121,0.0150211499428,1378.10341971,0.00138548858866,0.00675721284512
mean_p,12,50,13,2000,0.29419012978493597,0.13287084123074927,1.53523014326,0.0163589446979,1302.73627624,0.00163071160552,0.00794696352964
mean_p,12,50,14,2000,0.25096365521132258,0.10030115506028567,1.59251771521,0.0172121717864,1255.87299965,0.00180729213933,0.00863966805799
mean_p,12,50,15,2000,0.19482207883825048,0.067496895821406569,1.77830993097,0.0197270110632,1124.66334758,0.00227641627902,0.010959944834
mean_p,12,50,16,2000,0.15992534808774339,0.047171988518621172,1.84437647789,0.0205472197376,1084.37730798,0.00263740223599,0.0125548174695
mean_p,12,50,17,1958,0.12417979979415623,0.031055281576582713,2.01387986901,0.0227555274409,972.252630424,0.00315764066852,0.0146215582067
mean_p,12,50,18,1000,0.10952374698050819,0.024744420018428026,2.06281695482,0.0326008735285,484.773987174,0.00623765796596,0.0266315250271
mean_p,12,50,19,1000,0.089171462131613588,0.016339553388014783,2.05488918379,0.0324790576186,486.644247236,0.00600939085756,0.027820058878
mean_p,12,50,20,1000,0.073571488056763071,0.012414784286445459,2.29361276776,0.0359668287143,435.9933874,0.00730721801341,0.0326832664957
mean_p,16,2,12,500,0.0056120978857314933,4.3515550766230867e-05,1.38163717469,0.0276274202449,361.889509893,0.00874252400506,0.0370946136788
mean_p,16,2,13,500,0.0036039246376340568,1.7668146833167808e-05,1.3603153486,0.026844565506,367.561830802,0.00888573602528,0.0371522363236
mean_p,16,2,14,500,0.0023665192581621085,7.7066360505908793e-06,1.37608342477,0.0274256604214,363.350063665,0.00919791956079,0.0351643561444
mean_p,16,2,15,500,0.0013765546544355412,2.6253711348568594e-06,1.38549125071,0.0277665716539,360.882827477,0.00767287458542,0.0325955916513
mean_p,16,2,16,500,0.00088261435235716188,1.1457460520579892e-06,1.47077554063,0.0306847043534,339.956700522,0.0126874562568,0.0452347613464
mean_p,16,2,17,500,0.00056337023379474929,4.4429902509237385e-07,1.39986954887,0.0282796587275,357.176138593,0.00841385239574,0.0376425501721
mean_p,16,2,18,500,0.00034977287319677914,1.7069066795372748e-07,1.39520340933,0.0281141746929,358.370683913,0.00825271318637,0.0365694156111
mean_p,16,2,19,500,0.0002185947097323069,6.8622907997819131e-08,1.43611700089,0.0295336080048,348.161047944,0.0090502805748,0.0420305113969
mean_p,16,2,20,500,0.00013854427919849112,2.6376556527395055e-08,1.37417139056,0.0273558546041,363.855632154,0.0093640952747,0.0356722165313
mean_p,16,5,12,500,0.02633202813222597,0.0010132459792768788,1.46132316312,0.0303750938476,342.155665918,0.0095230943803,0.0406568371171
mean_p,16,5,13,500,0.018689773258483242,0.00050033125699915201,1.43235137733,0.0294058285832,349.076356481,0.00953620028452,0.0373885847089
mean_p,16,5,14,500,0.013227603349394835,0.00025341825543062212,1.44835682436,0.0299451773867,345.218796632,0.00991109218122,0.0362652581324
mean_p,16,5,15,500,0.0083721414588859896,0.00010571011436712607,1.50814614114,0.0318793394267,331.532857699,0.00799870248497,0.0366533407637
mean_p,16,5,16,500,0.0057437440727870302,5.4260940507300504e-05,1.64473962673,0.035909319869,303.999485313,0.0148541252001,0.0496905742328
mean_p,16,5,17,500,0.0040193076806104818,2.5267623079456676e-05,1.56409052037,0.0335884063441,319.674592672,0.0116505706439,0.043406180748
mean_p,16,5,18,500,0.0027124129278615645,1.1554398212962425e-05,1.57049196864,0.0337784537431,318.371573994,0.00929426646275,0.0421813528077
mean_p,16,5,19,500,0.0017936494902482613,5.2398281428267211e-06,1.62870296218,0.0354599199712,306.992749206,0.0113576296421,0.0463432502924
mean_p,16,5,20,500,0.0012505923699553064,2.4089642374401568e-06,1.54027690403,0.0328717782918,324.61695601,0.0107262877228,0.0425024680567
mean_p,16,10,12,500,0.073398493908337539,0.0087009204720029411,1.61506833347,0.0350733041919,309.584424162,0.0103314331467,0.0438360861568
mean_p,16,10,13,500,0.057088137696954755,0.0051872167871179729,1.59163194419,0.0343986030005,314.142978736,0.0120311916931,0.0417930994178
mean_p,16,10,14,500,0.042655752385638894,0.0029441341001140383,1.61808888299,0.0351593197598,309.006510864,0.00986038969834,0.0424850103115
mean_p,16,10,15,500,0.028844219862311921,0.0014048399541584918,1.68853184512,0.0371088087958,296.115232558,0.0113695320934,0.0448654698815
mean_p,16,10,16,500,0.021236538393973232,0.00084088521056630851,1.86452950379,0.0415819553121,268.16416634,0.0152361804201,0.0571083434996
mean_p,16,10,17,500,0.015748337124022838,0.00044676806910024517,1.80141062465,0.0400352500841,277.560259254,0.0112996911207,0.0491780169881
mean_p,16,10,18,500,0.011546777193614872,0.00024099466110660267,1.80753139792,0.0401878438814,276.620367743,0.0110690809264,0.0509853962291
mean_p,16,10,19,500,0.0080085507579282286,0.00011872681048908015,1.85114712136,0.0412588686553,270.102788823,0.0124119199647,0.0542026470495
mean_p,16,10,20,500,0.0060470051709925806,6.5149764731988423e-05,1.7816901202,0.0395396034427,280.632414318,0.0127363396808,0.0472506752173
mean_p,16,20,12,500,0.16335316011138712,0.04258556815576902,1.59590621084,0.0345226363662,313.301619234,0.00859263620539,0.0389112535485
mean_p,16,20,13,500,0.13637535638313514,0.030245169752651874,1.62623846578,0.0353903508256,307.457983882,0.0102017308219,0.0397776239624
mean_p,16,20,14,500,0.10703597982835712,0.019211678496000046,1.67689446842,0.036793870914,298.170224434,0.00881577219779,0.0410886468305
mean_p,16,20,15,500,0.07824863947160822,0.010851744857220061,1.77233569385,0.0393023076638,282.113598307,0.0101438946482,0.045521043007
mean_p,16,20,16,500,0.06113745217806929,0.0072022970459044607,1.92688748868,0.0430554871923,259.485830354,0.0133259493114,0.0567093964435
mean_p,16,20,17,500,0.04724671023058144,0.0043074339941728311,1.92963639981,0.0431192857039,259.116173415,0.0131561060863,0.054348982853
mean_p,16,20,18,500,0.03780009474078249,0.0027770619596963904,1.94356823651,0.0434411840657,257.25878341,0.0106811933364,0.0519406571884
mean_p,16,20,19,500,0.027418273405764578,0.0014819785150756014,1.9713407619,0.0440758610103,253.634485556,0.0117334030124,0.051985254305
mean_p,16,20,20,500,0.02204012547519937,0.00098724141008338265,2.03233472822,0.0454386339632,246.022465225,0.0138926737968,0.0551596390256
mean_p,16,50,12,500,0.33394439530712311,0.16523511899373286,1.48167870657,0.0310379995028,337.455075641,0.00569075559633,0.0278808152855
mean_p,16,50,13,500,0.29620515861105889,0.13594203659489323,1.54941778386,0.0331486887783,322.701859504,0.00644062399719,0.0299740230921
mean_p,16,50,14,500,0.24680533191252077,0.097895571184281077,1.60714095715,0.0348465480972,311.111478914,0.00717705919242,0.033532328736
mean_p,16,50,15,500,0.19347267229720963,0.066869043842223794,1.78642938032,0.0396592834107,279.887918049,0.00873998306843,0.0383297622048
mean_p,16,50,16,500,0.16204386058701883,0.049809201464455687,1.89689991208,0.0423532740667,263.587971519,0.00977289857666,0.0462413166134
mean_p,16,50,17,500,0.13231200763324941,0.033710735763839934,1.9256161202,0.0430259484545,259.657153237,0.0108148053515,0.0478374745858
mean_p,16,50,18,500,0.11309133711642154,0.025569348746450497,1.9992218462,0.0447039561159,250.097307084,0.0104551809959,0.0485647712405
mean_p,16,50,19,500,0.087323646236816932,0.015570166210179424,2.04187675693,0.0456481490737,244.872761445,0.0107477035929,0.050036143745
mean_p,16,50,20,500,0.073837167647799781,0.011804915740456688,2.16527386262,0.0482757467601,230.917672185,0.0124171505017,0.0528858055606
median_rt,12,2,12,500,0.0055740343355989439,4.3398518546753307e-05,1.39680449988,0.0281710667132,357.959900647,0.00900374750085,0.0376145525717
median_rt,12,2,13,500,0.0035854372984482374,1.7608427506374473e-05,1.36973423192,0.0271931694334,365.034317132,0.00895282463504,0.0374043368585
median_rt,12,2,14,500,0.0023440620203909182,7.6261686781898574e-06,1.38793206848,0.0278543378481,360.248178824,0.00943851839499,0.0357664165219
median_rt,12,2,15,500,0.0013616043116353356,2.5865799123090615e-06,1.39516015489,0.0281126361229,358.381794555,0.00776754122754,0.0325898342873
median_rt,12,2,16,500,0.00087393720186960499,1.1374320886764437e-06,1.4892411314,0.0312807011238,335.741465541,0.0127589427793,0.0458056795589
median_rt,12,2,17,500,0.00055521992230034181,4.3670219353615068e-07,1.4166262708,0.0288661140718,352.951240779,0.00877700485309,0.0382119379332
median_rt,12,2,18,500,0.00034420500523640537,1.6668724928009552e-07,1.40691550939,0.0285277236874,355.387368084,0.00826615886455,0.0371774587626
median_rt,12,2,19,500,0.00021443862699540062,6.6826578538387017e-08,1.45325956636,0.0301084561664,344.054160436,0.00919033384973,0.0426169976075
median_rt,12,2,20,500,0.00013576170227055286,2.5555828892533799e-08,1.38654963883,0.0278046628761,360.607356562,0.00936947691877,0.0362378551171
median_rt,12,5,12,500,0.026109596770977468,0.0010511671615576936,1.54195413367,0.0329227621462,324.263860437,0.0105621412117,0.0432811765129
median_rt,12,5,13,500,0.018269798796974143,0.00050062587910450142,1.4998428841,0.0316178077702,333.368251636,0.01030113789,0.039344105169
median_rt,12,5,14,500,0.01264347463461221,0.00024331722468820131,1.52208873228,0.0323137349212,328.49596045,0.0108527612854,0.0388125421992
median_rt,12,5,15,500,0.007879765178139932,9.7987566397300733e-05,1.57813597787,0.0340039991139,316.829479216,0.00893555872474,0.03899931686
median_rt,12,5,16,500,0.0053455961921355932,5.0240122370283889e-05,1.75815998183,0.0389399533085,284.388226991,0.0162276479891,0.0541623290491
median_rt,12,5,17,500,0.0036713829553023827,2.2605557422058213e-05,1.67708797866,0.0367991298445,298.135820162,0.0127034973554,0.0478826901488
median_rt,12,5,18,500,0.0024501182447593519,1.0120944013099416e-05,1.68595870824,0.0370394035653,296.567168316,0.0103854002008,0.0462317396141
median_rt,12,5,19,500,0.0015800481292576082,4.3539383186028031e-06,1.74398056211,0.0385740991369,286.700443149,0.0117622522344,0.0485164970123
median_rt,12,5,20,500,0.0010806944906241881,1.92415761354095e-06,1.64753545215,0.0359870935795,303.483605981,0.011337878273,0.0458157605581
median_rt,12,10,12,500,0.074194461264382491,0.0092089681897276066,1.67289237392,0.0366849389783,298.883543134,0.0107258382647,0.0453943631289
median_rt,12,10,13,500,0.057283610107480037,0.0053911360597134446,1.64293178704,0.0358589399463,304.333998493,0.0125374372729,0.0435969054978
median_rt,12,10,14,500,0.042271050870985712,0.0029998016314728899,1.67882894238,0.0368464093875,297.826650101,0.0103040870237,0.0443707531614
median_rt,12,10,15,500,0.028331216996054766,0.0014071451919686557,1.75310710611,0.0388099756793,285.207902162,0.0119552276566,0.0479124189122
median_rt,12,10,16,500,0.020741147131872879,0.00083952876829217909,1.95150666219,0.0436235409426,256.212294679,0.0157530995553,0.0593183673842
median_rt,12,10,17,500,0.015127838560499257,0.00043284075837183482,1.89136081386,0.0422222882815,264.359923466,0.0122327762011,0.0523069363419
median_rt,12,10,18,500,0.011048167807339221,0.00023181069972153968,1.89912238964,0.0424057163513,263.27950359,0.0115590461589,0.0533919295556
median_rt,12,10,19,500,0.0075249232325294464,0.00011030705067321279,1.94804563017,0.0435441300332,256.667499085,0.0137667924975,0.0572980750447
median_rt,12,10,20,500,0.0056176181064306451,5.9325657662874143e-05,1.87991467251,0.0419503199632,265.969518358,0.0139555588413,0.0503780572082
median_rt,12,20,12,500,0.1639842128094873,0.0434232853957797,1.61479947745,0.0350656378083,309.635968417,0.00848521319388,0.0390245521048
median_rt,12,20,13,500,0.13628567515788809,0.03063608108199389,1.64942582593,0.0360395845129,303.135789521,0.0104346837278,0.040402097329
median_rt,12,20,14,500,0.1056751922555083,0.01905638211019248,1.70645311024,0.0375886448343,293.005413978,0.00898327244286,0.0420285249948
median_rt,12,20,15,500,0.077322350686102381,0.010822347814554982,1.81013676903,0.0402526215054,276.222221743,0.010765973301,0.0466180634535
median_rt,12,20,16,500,0.060092860178581613,0.0071081590028758568,1.96839105888,0.0440088868045,254.014565725,0.0131183405985,0.0573654295143
median_rt,12,20,17,500,0.045977448572021525,0.0041958855520580155,1.98487837053,0.0443819416099,251.904604042,0.0136583679244,0.0561756271745
median_rt,12,20,18,500,0.03677427137744807,0.0027067748812547956,2.00153866612,0.0447557519459,249.807814589,0.0115741800983,0.0535336927157
median_rt,12,20,19,500,0.026243191005817068,0.0013945307217799153,2.02485907842,0.0452738131466,246.930764382,0.0119416283007,0.0530136146782
median_rt,12,20,20,500,0.020891337758479921,0.00090777298893507342,2.07991101526,0.0464738854684,240.394899749,0.0141694349915,0.0561025696858
median_rt,12,50,12,500,0.33547178306691189,0.16809280723551351,1.493609737,0.0314200489178,334.759467359,0.00558454139006,0.0275748297449
median_rt,12,50,13,500,0.29420356548467658,0.1358472004568011,1.56947654406,0.0337483790444,318.577554977,0.00638774645851,0.0297174799966
median_rt,12,50,14,500,0.24218073784100741,0.095773781367034447,1.63292951408,0.0355789126894,306.198152271,0.00690185726735,0.0335918239845
median_rt,12,50,15,500,0.18872289352286842,0.064858910433607198,1.82104415168,0.040522688748,274.567752538,0.00886669736116,0.0386053632503
median_rt,12,50,16,500,0.15597267319988056,0.047191866359221103,1.93985881297,0.0433557104191,257.75071704,0.00984684828885,0.0461260011037
median_rt,12,50,17,500,0.1258320403711809,0.031356334714145076,1.98035392821,0.044279880944,252.480121295,0.0107660032277,0.049200536421
median_rt,12,50,18,500,0.10688503709012014,0.023588221478348718,2.06472098744,0.0461458771169,242.163470532,0.0109262709171,0.0491122255299
median_rt,12,50,19,500,0.080909282316768388,0.013963712334848838,2.13306551986,0.0476038973166,234.404426561,0.0116327104224,0.0522564975658
median_rt,12,50,20,500,0.067001861898876941,0.010069758466539817,2.24308282959,0.0498614646715,222.907506314,0.013371449428,0.0547324194277
median_rt,16,2,12,500,0.0055976888023805144,4.3136941093638797e-05,1.37667632575,0.0274472703836,363.193577638,0.00866177545778,0.0368760160391
median_rt,16,2,13,500,0.0035928639031393575,1.7522773895534813e-05,1.35744213015,0.0267373196168,368.339827457,0.00887684856296,0.0371201982001
median_rt,16,2,14,500,0.0023602405827502127,7.6434863751120802e-06,1.37207846725,0.0272792399912,364.410645553,0.00912033533827,0.0349031281385
median_rt,16,2,15,500,0.0013736208729724082,2.608440533434299e-06,1.38244281957,0.0276565659317,361.678611891,0.00764999174563,0.0326785243542
median_rt,16,2,16,500,0.00087999533739644906,1.1339807600389376e-06,1.46435017656,0.0304745853643,341.448383045,0.0126240417675,0.0450742206961
median_rt,16,2,17,500,0.00056212100721076633,4.4065884742632103e-07,1.3945781699,0.0280919265946,358.531354349,0.00826709758174,0.0374253721511
median_rt,16,2,18,500,0.00034903599581078294,1.6955733984688186e-07,1.39179784252,0.027992779159,359.247575132,0.00825983450186,0.0364202384998
median_rt,16,2,19,500,0.00021828342507231762,6.8137506661455737e-08,1.43002858327,0.0293267312625,349.643360873,0.00895267763516,0.0417783077029
median_rt,16,2,20,500,0.00013828946734622052,2.6184160391886817e-08,1.36917967924,0.0271727686936,365.182165337,0.00928976154886,0.0353098536155
median_rt,16,5,12,500,0.024963389619895384,0.00093707138563504867,1.50371511885,0.0317400415515,332.509791072,0.0104508420196,0.0421878062834
median_rt,16,5,13,500,0.017630868559435034,0.00045148205190296414,1.45242285657,0.0300806534693,344.252362691,0.00992742356714,0.037642895999
median_rt,16,5,14,500,0.012289556032672514,0.00022275143252107523,1.47485090024,0.0308172322001,339.017320272,0.00978119903425,0.0377442003017
median_rt,16,5,15,500,0.0077603060195500801,9.2392191099379531e-05,1.5341844322,0.0326859123231,325.906057647,0.008790847255,0.0383824629867
median_rt,16,5,16,500,0.0053716800800976735,4.7914614118699682e-05,1.66053378345,0.0363464931857,301.107996106,0.013651661328,0.0503154733044
median_rt,16,5,17,500,0.0036797812357125931,2.1463772823958566e-05,1.58511969499,0.0342087618892,315.433592541,0.0125534600806,0.0425357133144
median_rt,16,5,18,500,0.0024863855275507004,9.8932402039308509e-06,1.60030077376,0.034649697654,312.441266167,0.0097276195695,0.0438794934555
median_rt,16,5,19,500,0.0016379629199798126,4.4403158339080301e-06,1.65502946464,0.0361947362095,302.109425048,0.0121626357789,0.0499107192244
median_rt,16,5,20,500,0.001140112905621872,1.9997030983893973e-06,1.538401859,0.0328146875348,325.012607775,0.0108819272355,0.0400673053347
median_rt,16,10,12,500,0.073736644153331782,0.0088708685119385389,1.63154630905,0.0355400143232,306.457743325,0.0106667005555,0.0442192429694
median_rt,16,10,13,500,0.057288859025647454,0.0052643351153831563,1.6039956345,0.0347561687906,311.721546646,0.0121129010161,0.0421627894168
median_rt,16,10,14,500,0.042767362690662412,0.0029838798116441551,1.6313847066,0.0355354669758,306.488100556,0.00988923712169,0.0426969130442
median_rt,16,10,15,500,0.028829889134379786,0.0014165378495380879,1.7042850667,0.0375309223629,293.378150034,0.0115228831478,0.0452234188954
median_rt,16,10,16,500,0.02125584401512472,0.00085204735627669021,1.88584947205,0.0420915543085,265.132507875,0.0153452737964,0.0575088771425
median_rt,16,10,17,500,0.015731938209312672,0.00045118010330842022,1.82299499137,0.0405708020962,274.273929642,0.0114646719554,0.0502857752184
median_rt,16,10,18,500,0.011490289533197978,0.00024140003188409824,1.82841753948,0.0407042390786,273.460513916,0.0114961868115,0.0516630512869
median_rt,16,10,19,500,0.0079622952106245797,0.00011952840610216933,1.88536125248,0.0420799537187,265.201164679,0.01288626917,0.0562811890807
median_rt,16,10,20,500,0.0059868496644648501,6.4650623965211476e-05,1.80374863438,0.0400936063327,277.200487069,0.0130696489501,0.0479286276607
median_rt,16,20,12,500,0.16326537496951829,0.04255350138890357,1.59641985416,0.0345375116116,313.200815373,0.00857858081337,0.0389403924409
median_rt,16,20,13,500,0.13633361524448409,0.030243573459552163,1.62714854321,0.0354160569012,307.286020127,0.0102328828404,0.0397954356501
median_rt,16,20,14,500,0.10696515251741351,0.019191769887820571,1.67737589737,0.036806953076,298.084645657,0.00883480878854,0.0411287774661
median_rt,16,20,15,500,0.078237442522348072,0.010852519332735622,1.77296955129,0.0393184320972,282.012739382,0.0101589259016,0.0455411856018
median_rt,16,20,16,500,0.061129301601295906,0.0072011520998090548,1.92709496163,0.0430603056569,259.457893853,0.0132874942157,0.0566523316123
median_rt,16,20,17,500,0.047255118747153026,0.0043134445970916136,1.93164140748,0.043165759752,258.84721567,0.0131892187936,0.0544160140948
median_rt,16,20,18,500,0.037795450654058975,0.0027781593545736314,1.94481411167,0.0434698541904,257.093979831,0.0107071935753,0.0520497846761
median_rt,16,20,19,500,0.027414599664225648,0.0014821419316294897,1.97208657965,0.0440927789926,253.53856426,0.0117458228856,0.0520366564672
median_rt,16,20,20,500,0.022034363687464541,0.000986648562959697,2.03217666848,0.0454351552981,246.041600494,0.01390454382,0.0551799540318
median_rt,16,50,12,500,0.32525970801742521,0.15741986568737013,1.48798653731,0.0312405677705,336.02454556,0.00582802733667,0.0285727117001
median_rt,16,50,13,500,0.28847124909600075,0.12911953789597277,1.55162544506,0.0332152207597,322.242717528,0.00655508696758,0.0304095444643
median_rt,16,50,14,500,0.2406469708776458,0.09311151346965936,1.60783910482,0.0348665772572,310.976389678,0.00742363836464,0.0340063209031
median_rt,16,50,15,500,0.18866412434904364,0.063399763449824773,1.78118483556,0.0395268221732,280.712023828,0.0086985192127,0.0385662030177
median_rt,16,50,16,500,0.15780735280401839,0.047090431347903014,1.89094196139,0.0422123669412,264.418480424,0.00988126571548,0.0467934376834
median_rt,16,50,17,500,0.12875856799960558,0.031744722129407064,1.9147816372,0.042773394469,261.126381351,0.0107291620051,0.0476939478437
median_rt,16,50,18,500,0.1101079135781512,0.024026019012616372,1.98173121317,0.0443109741073,252.304649933,0.0103734818428,0.0481946821043
median_rt,16,50,19,500,0.085103236981870403,0.014675035525626811,2.02622188995,0.0453039046871,246.764681835,0.0106961746314,0.0499660853091
median_rt,16,50,20,500,0.0723335035104722,0.011287865331331465,2.15741064713,0.0481125897687,231.759308626,0.0128096942346,0.0536671995987
