label,beta,gamma,n,inv_n,log_abs_S_over_n,delta_n,numerical_uncertainty,im_log_S_over_n,e_saddle
small_gamma_control,0.5434,-0.1,18,0.05555555555555555,-0.6395387780079456,0.0008466631091657018,0.0,-4.0606596994049914e-22,-0.6403854411171113
small_gamma_control,0.5434,-0.1,19,0.05263157894736842,-0.63957757708141,0.0008078640357012112,0.0,-4.089564661938526e-22,-0.6403854411171113
small_gamma_control,0.5434,-0.1,20,0.05,-0.6396146530460463,0.0007707880710650095,0.0,-4.116793828001608e-22,-0.6403854411171113
small_gamma_control,0.5434,-0.1,21,0.047619047619047616,-0.6396498577625782,0.0007355833545330537,0.0,-4.142474172310241e-22,-0.6403854411171113
small_gamma_control,0.5434,-0.1,22,0.045454545454545456,-0.6396831446609272,0.0007022964561840261,0.0,-4.1667206281237675e-22,-0.6403854411171113
small_gamma_control,0.5434,-0.1,23,0.043478260869565216,-0.6397145310367366,0.0006709100803746759,0.0,-4.1896377452889115e-22,-0.6403854411171113
small_gamma_control,0.5434,-0.1,24,0.041666666666666664,-0.639744073411813,0.0006413677052982125,0.0,-4.211320937106637e-22,-0.6403854411171113
small_gamma_control,0.5434,-0.1,25,0.04,-0.6397718513641707,0.0006135897529405687,0.0,-4.231857472589197e-22,-0.6403854411171113
small_gamma_control,0.5434,-0.1,26,0.038461538461538464,-0.6397979569110269,0.0005874842060843433,0.0,-4.251327301414783e-22,-0.6403854411171113
small_gamma_control,0.5434,-0.1,27,0.037037037037037035,-0.6398224875657352,0.0005629535513760331,0.0,-4.26980376154825e-22,-0.6403854411171113
small_gamma_control,0.5434,-0.1,28,0.03571428571428571,-0.6398455418424408,0.0005398992746704634,0.0,-4.287354199091305e-22,-0.6403854411171113
small_gamma_control,0.5434,-0.1,29,0.034482758620689655,-0.6398672163992654,0.0005182247178459054,0.0,-4.304040518626458e-22,-0.6403854411171113
small_gamma_control,0.5434,-0.1,30,0.03333333333333333,-0.6398876042808779,0.0004978368362333896,0.0,-4.319919675970668e-22,-0.6403854411171113
small_gamma_control,0.5434,-0.1,31,0.03225806451612903,-0.6399067938983347,0.00047864721877655114,0.0,-4.335044121621339e-22,-0.6403854411171113
small_gamma_control,0.5434,-0.1,32,0.03125,-0.63992486850139,0.0004605726157212997,0.0,-4.349462201043791e-22,-0.6403854411171113
small_gamma_control,0.5434,-0.1,33,0.030303030303030304,-0.6399419059769655,0.00044353514014572326,0.0,-4.363218516649297e-22,-0.6403854411171113
small_gamma_control,0.5434,-0.1,34,0.029411764705882353,-0.6399579788604342,0.00042746225667711357,0.0,-4.376354255479344e-22,-0.6403854411171113
small_gamma_control,0.5434,-0.1,35,0.02857142857142857,-0.6399731544823618,0.00041228663474945915,0.0,-4.388907486041951e-22,-0.6403854411171113
small_gamma_control,0.5434,-0.1,36,0.027777777777777776,-0.6399874951979706,0.00039794591914066313,0.0,-4.400913427327647e-22,-0.6403854411171113
small_gamma_control,0.5434,-0.1,37,0.02702702702702703,-0.6400010586634944,0.0003843824536168272,0.0,-4.412404692704053e-22,-0.6403854411171113
small_gamma_control,0.5434,-0.1,38,0.02631578947368421,-0.6400138981352645,0.0003715429818467175,0.0,-4.423411511114884e-22,-0.6403854411171113
small_gamma_control,0.5434,-0.1,39,0.02564102564102564,-0.6400260627754245,0.00035937834168675575,0.0,-4.433961927772862e-22,-0.6403854411171113
small_gamma_control,0.5434,-0.1,40,0.025,-0.6400375979537527,0.00034784316335856325,0.0,-4.44408198632615e-22,-0.6403854411171113
small_gamma_control,0.5434,-0.1,41,0.024390243902439025,-0.640048545538923,0.00033689557818827875,0.0,-4.453795894288829e-22,-0.6403854411171113
small_gamma_control,0.5434,-0.1,42,0.023809523809523808,-0.6400589441751895,0.00032649694192177225,0.0,-4.463126173354259e-22,-0.6403854411171113
small_gamma_control,0.5434,-0.1,43,0.023255813953488372,-0.6400688295422999,0.00031661157481133184,0.0,-4.472093796053885e-22,-0.6403854411171113
small_gamma_control,0.5434,-0.1,44,0.022727272727272728,-0.6400782345976709,0.0003072065194403839,0.0,-4.480718310081779e-22,-0.6403854411171113
small_gamma_control,0.5434,-0.1,45,0.022222222222222223,-0.6400871898006846,0.0002982513164266898,0.0,-4.489017951475764e-22,-0.6403854411171113
small_gamma_control,0.5434,-0.1,46,0.021739130434782608,-0.6400957233194979,0.0002897177976133314,0.0,-4.497009747728561e-22,-0.6403854411171113
small_gamma_control,0.5434,-0.1,47,0.02127659574468085,-0.6401038612210955,0.00028157989601573785,0.0,-4.504709611795886e-22,-0.6403854411171113
small_gamma_control,0.5434,-0.1,48,0.020833333333333332,-0.640111627645514,0.00027381347159727287,0.0,-4.512132427872255e-22,-0.6403854411171113
small_gamma_control,0.5434,-0.1,49,0.02040816326530612,-0.6401190449652693,0.0002663961518419855,0.0,-4.519292129718333e-22,-0.6403854411171113
small_gamma_control,0.5434,-0.1,50,0.02,-0.6401261339310568,0.00025930718605449155,0.0,-4.526201772245385e-22,-0.6403854411171113
small_gamma_control,0.5434,-0.1,51,0.0196078431372549,-0.6401329138047909,0.00025252731232039416,0.0,-4.5328735969919145e-22,-0.6403854411171113
small_gamma_control,0.5434,-0.1,52,0.019230769230769232,-0.6401394024810168,0.0002460386360945144,0.0,-4.539319092064193e-22,-0.6403854411171113
small_gamma_control,0.5434,-0.1,53,0.018867924528301886,-0.6401456165976795,0.00023982451943171945,0.0,-4.545549047055459e-22,-0.6403854411171113
small_gamma_control,0.5434,-0.1,54,0.018518518518518517,-0.6401515716371754,0.0002338694799358665,0.0,-4.551573603407455e-22,-0.6403854411171113
small_gamma_control,0.5434,-0.1,55,0.01818181818181818,-0.6401572820185465,0.000228159098564773,0.0,-4.557402300632063e-22,-0.6403854411171113
small_gamma_control,0.5434,-0.1,56,0.017857142857142856,-0.6401627611816137,0.0002226799354975162,0.0,-4.563044118769686e-22,-0.6403854411171113
small_gamma_control,0.5434,-0.1,57,0.017543859649122806,-0.64016802166378,0.0002174194533313134,0.0,-4.568507517424026e-22,-0.6403854411171113
small_gamma_control,0.5434,-0.1,58,0.017241379310344827,-0.6401730751701715,0.00021236594693974098,0.0,-4.573800471679836e-22,-0.6403854411171113
small_gamma_control,0.5434,-0.1,59,0.01694915254237288,-0.6401779326377292,0.00020750847938211248,0.0,-4.578930505180435e-22,-0.6403854411171113
small_gamma_control,0.5434,-0.1,60,0.016666666666666666,-0.640182604293803,0.00020283682330823893,0.0,-4.583904720615151e-22,-0.6403854411171113
small_gamma_control,0.5434,-0.1,61,0.01639344262295082,-0.6401870997097562,0.00019834140735508488,0.0,-4.588729827842825e-22,-0.6403854411171113
small_gamma_control,0.5434,-0.1,62,0.016129032258064516,-0.6401914278500336,0.00019401326707768618,0.0,-4.593412169856057e-22,-0.6403854411171113
small_gamma_control,0.5434,-0.1,63,0.015873015873015872,-0.6401955971171123,0.00018984399999899537,0.0,-4.597957746771503e-22,-0.6403854411171113
small_gamma_control,0.5434,-0.1,64,0.015625,-0.6401996153927062,0.00018582572440506429,0.0,-4.602372238014137e-22,-0.6403854411171113
small_gamma_control,0.5434,-0.1,65,0.015384615384615385,-0.6402034900755663,0.00018195104154494768,0.0,-4.606661022847806e-22,-0.6403854411171113
small_gamma_control,0.5434,-0.1,66,0.015151515151515152,-0.640207228116183,0.0001782130009282401,0.0,-4.610829199390263e-22,-0.6403854411171113
small_gamma_control,0.5434,-0.1,67,0.014925373134328358,-0.6402108360486689,0.00017460506844235724,0.0,-4.614881602238235e-22,-0.6403854411171113
small_gamma_control,0.5434,-0.1,68,0.014705882352941176,-0.6402143200200728,0.00017112109703842915,0.0,-4.618822818816645e-22,-0.6403854411171113
small_gamma_control,0.5434,-0.1,69,0.014492753623188406,-0.6402176858173539,0.00016775529975732173,0.0,-4.622657204555794e-22,-0.6403854411171113
small_gamma_control,0.5434,-0.1,70,0.014285714285714285,-0.6402209388922204,0.000164502224890839,0.0,-4.626388896991019e-22,-0.6403854411171113
small_gamma_control,0.5434,-0.1,71,0.014084507042253521,-0.6402240843840207,0.00016135673309058962,0.0,-4.630021828870949e-22,-0.6403854411171113
small_gamma_control,0.5434,-0.1,72,0.013888888888888888,-0.6402271271408552,0.000158313976256097,0.0,-4.633559740352876e-22,-0.6403854411171113
small_gamma_control,0.5434,-0.1,73,0.0136986301369863,-0.6402300717390623,0.0001553693780489418,0.0,-4.637006190356913e-22,-0.6403854411171113
small_gamma_control,0.5434,-0.1,74,0.013513513513513514,-0.6402329225012178,0.00015251861589349325,0.0,-4.640364567144372e-22,-0.6403854411171113
small_gamma_control,0.5434,-0.1,75,0.013333333333333334,-0.6402356835127723,0.00014975760433899588,0.0,-4.643638098180207e-22,-0.6403854411171113
small_gamma_control,0.5434,-0.1,76,0.013157894736842105,-0.6402383586374438,0.00014708247966743748,0.0,-4.646829859334203e-22,-0.6403854411171113
small_gamma_control,0.5434,-0.1,77,0.012987012987012988,-0.6402409515314668,0.00014448958564450276,0.0,-4.6499427834710345e-22,-0.6403854411171113
small_gamma_control,0.5434,-0.1,78,0.01282051282051282,-0.640243465656793,0.00014197546031824437,0.0,-4.65297966847506e-22,-0.6403854411171113
small_gamma_control,0.5434,-0.1,79,0.012658227848101266,-0.6402459042933318,0.00013953682377942922,0.0,-4.655943184751924e-22,-0.6403854411171113
small_gamma_control,0.5434,-0.1,80,0.0125,-0.640248270550305,0.00013717056680628836,0.0,-4.6588358822455705e-22,-0.6403854411171113
small_gamma_control,0.5434,-0.1,81,0.012345679012345678,-0.6402505673767908,0.00013487374032050692,0.0,-4.661660197006091e-22,-0.6403854411171113
small_gamma_control,0.5434,-0.1,82,0.012195121951219513,-0.6402527975715198,0.00013264354559150426,0.0,-4.664418457340991e-22,-0.6403854411171113
small_gamma_control,0.5434,-0.1,83,0.012048192771084338,-0.640254963791983,0.00013047732512827537,0.0,-4.6671128895797925e-22,-0.6403854411171113
small_gamma_control,0.5434,-0.1,84,0.011904761904761904,-0.6402570685629059,0.0001283725542053915,0.0,-4.669745623479533e-22,-0.6403854411171113
small_gamma_control,0.5434,-0.1,85,0.011764705882352941,-0.6402591142841382,0.00012632683297308933,0.0,-4.672318697296532e-22,-0.6403854411171113
small_gamma_control,0.5434,-0.1,86,0.011627906976744186,-0.6402611032380042,0.0001243378791070393,0.0,-4.674834062547785e-22,-0.6403854411171113
small_gamma_control,0.5434,-0.1,87,0.011494252873563218,-0.6402630375961559,0.0001224035209553831,0.0,-4.677293588483561e-22,-0.6403854411171113
small_gamma_control,0.5434,-0.1,88,0.011363636363636364,-0.6402649194259646,0.00012052169114662448,0.0,-4.67969906629107e-22,-0.6403854411171113
small_gamma_control,0.5434,-0.1,89,0.011235955056179775,-0.6402667506964898,0.00011869042062151447,0.0,-4.682052213047569e-22,-0.6403854411171113
small_gamma_control,0.5434,-0.1,90,0.011111111111111112,-0.6402685332840513,0.00011690783305995378,0.0,-4.684354675439885e-22,-0.6403854411171113
small_gamma_control,0.5434,-0.1,91,0.01098901098901099,-0.6402702689774403,0.0001151721396709382,0.0,-4.686608033266029e-22,-0.6403854411171113
small_gamma_control,0.5434,-0.1,92,0.010869565217391304,-0.6402719594827907,0.0001134816343205669,0.0,-4.68881380273341e-22,-0.6403854411171113
small_gamma_control,0.5434,-0.1,93,0.010752688172043012,-0.6402736064281381,0.00011183468897313364,0.0,-4.690973439567099e-22,-0.6403854411171113
small_gamma_control,0.5434,-0.1,94,0.010638297872340425,-0.6402752113676898,0.00011022974942143104,0.0,-4.693088341940576e-22,-0.6403854411171113
small_gamma_control,0.5434,-0.1,95,0.010526315789473684,-0.6402767757858231,0.00010866533128817135,0.0,-4.695159853240498e-22,-0.6403854411171113
small_gamma_control,0.5434,-0.1,96,0.010416666666666666,-0.6402783011008353,0.00010714001627598613,0.0,-4.697189264676189e-22,-0.6403854411171113
small_gamma_control,0.5434,-0.1,97,0.010309278350515464,-0.6402797886684601,0.00010565244865112788,0.0,-4.699177817743777e-22,-0.6403854411171113
small_gamma_control,0.5434,-0.1,98,0.01020408163265306,-0.6402812397851684,0.00010420133194288805,0.0,-4.701126706554207e-22,-0.6403854411171113
small_gamma_control,0.5434,-0.1,99,0.010101010101010102,-0.6402826556912666,0.00010278542584463146,0.0,-4.703037080033686e-22,-0.6403854411171113
small_gamma_control,0.5434,-0.1,100,0.01,-0.640284037573809,0.00010140354330223644,0.0,-4.704910044004531e-22,-0.6403854411171113
gamma_minus_one,0.5434,-1.0,18,0.05555555555555555,-0.48276027008462374,-0.009285577359027575,0.0,8.189099067152388e-20,-0.47347469272559617
gamma_minus_one,0.5434,-1.0,19,0.05263157894736842,-0.48245754213670444,-0.008982849411108274,0.0,8.023401021623826e-20,-0.47347469272559617
gamma_minus_one,0.5434,-1.0,20,0.05,-0.482166083520137,-0.008691390794540843,0.0,7.872283429346964e-20,-0.47347469272559617
gamma_minus_one,0.5434,-1.0,21,0.047619047619047616,-0.4818868326868623,-0.008412139961266107,0.0,7.734064690113523e-20,-0.47347469272559617
gamma_minus_one,0.5434,-1.0,22,0.045454545454545456,-0.48162016007459274,-0.008145467348996571,0.0,7.60729415580832e-20,-0.47347469272559617
gamma_minus_one,0.5434,-1.0,23,0.043478260869565216,-0.4813660588937752,-0.007891366168179037,0.0,7.490716066133525e-20,-0.47347469272559617
gamma_minus_one,0.5434,-1.0,24,0.041666666666666664,-0.4811242765053643,-0.007649583779768154,0.0,7.383239713604572e-20,-0.47347469272559617
gamma_minus_one,0.5434,-1.0,25,0.04,-0.4808944049622497,-0.007419712236653553,0.0,7.283914676042147e-20,-0.47347469272559617
gamma_minus_one,0.5434,-1.0,26,0.038461538461538464,-0.4806759433265152,-0.007201250600919029,0.0,7.191910180454199e-20,-0.47347469272559617
gamma_minus_one,0.5434,-1.0,27,0.037037037037037035,-0.4804683403913242,-0.00699364766572802,0.0,7.106497845764518e-20,-0.47347469272559617
gamma_minus_one,0.5434,-1.0,28,0.03571428571428571,-0.4802710237512084,-0.006796331025612223,0.0,7.027037198888668e-20,-0.47347469272559617
gamma_minus_one,0.5434,-1.0,29,0.034482758620689655,-0.4800834193400695,-0.006608726614473315,0.0,6.952963475740386e-20,-0.47347469272559617
gamma_minus_one,0.5434,-1.0,30,0.03333333333333333,-0.47990496430718055,-0.006430271581584379,0.0,6.883777311866612e-20,-0.47347469272559617
gamma_minus_one,0.5434,-1.0,31,0.03225806451612903,-0.4797351152404645,-0.006260422514868358,0.0,6.819036001570054e-20,-0.47347469272559617
gamma_minus_one,0.5434,-1.0,32,0.03125,-0.4795733531490117,-0.006098660423415558,0.0,6.758346063611442e-20,-0.47347469272559617
gamma_minus_one,0.5434,-1.0,33,0.030303030303030304,-0.4794191862000216,-0.0059444934744254385,0.0,6.7013568990639e-20,-0.47347469272559617
gamma_minus_one,0.5434,-1.0,34,0.029411764705882353,-0.4792721509130256,-0.005797458187429438,0.0,6.647755365100064e-20,-0.47347469272559617
gamma_minus_one,0.5434,-1.0,35,0.02857142857142857,-0.4791318123082641,-0.005657119582667958,0.0,6.59726111936303e-20,-0.47347469272559617
gamma_minus_one,0.5434,-1.0,36,0.027777777777777776,-0.47899776336036637,-0.0055230706347702,0.0,6.549622614613557e-20,-0.47347469272559617
gamma_minus_one,0.5434,-1.0,37,0.02702702702702703,-0.4788696240050432,-0.005394931279447013,0.0,6.504613643737799e-20,-0.47347469272559617
gamma_minus_one,0.5434,-1.0,38,0.02631578947368421,-0.4787470398728868,-0.005272347147290635,0.0,6.462030351867804e-20,-0.47347469272559617
gamma_minus_one,0.5434,-1.0,39,0.02564102564102564,-0.4786296808718816,-0.005154988146285455,0.0,6.421688646040144e-20,-0.47347469272559617
gamma_minus_one,0.5434,-1.0,40,0.025,-0.47851723970276866,-0.005042546977172491,0.0,6.383421944072925e-20,-0.47347469272559617
gamma_minus_one,0.5434,-1.0,41,0.024390243902439025,-0.4784094303646679,-0.004934737639071707,0.0,6.347079213636468e-20,-0.47347469272559617
gamma_minus_one,0.5434,-1.0,42,0.023809523809523808,-0.4783059866893061,-0.004831293963709904,0.0,6.312523260193278e-20,-0.47347469272559617
gamma_minus_one,0.5434,-1.0,43,0.023255813953488372,-0.478206660928648,-0.004731968203051828,0.0,6.279629228881673e-20,-0.47347469272559617
gamma_minus_one,0.5434,-1.0,44,0.022727272727272728,-0.4781112224111409,-0.0046365296855447324,0.0,6.24828329074968e-20,-0.47347469272559617
gamma_minus_one,0.5434,-1.0,45,0.022222222222222223,-0.47801945627504366,-0.004544763549447495,0.0,6.218381488201918e-20,-0.47347469272559617
gamma_minus_one,0.5434,-1.0,46,0.021739130434782608,-0.4779311622826243,-0.004456469557028109,0.0,6.189828718255801e-20,-0.47347469272559617
gamma_minus_one,0.5434,-1.0,47,0.02127659574468085,-0.477846153715795,-0.0043714609901988055,0.0,6.162537835339971e-20,-0.47347469272559617
gamma_minus_one,0.5434,-1.0,48,0.020833333333333332,-0.4777642563516007,-0.004289563626004522,0.0,6.136428858009252e-20,-0.47347469272559617
gamma_minus_one,0.5434,-1.0,49,0.02040816326530612,-0.4776853075145763,-0.004210614788980105,0.0,6.11142826618027e-20,-0.47347469272559617
gamma_minus_one,0.5434,-1.0,50,0.02,-0.47760915520213,-0.004134462476533818,0.0,6.087468377378669e-20,-0.47347469272559617
gamma_minus_one,0.5434,-1.0,51,0.0196078431372549,-0.47753565727863007,-0.004060964553033897,0.0,6.064486792089049e-20,-0.47347469272559617
gamma_minus_one,0.5434,-1.0,52,0.019230769230769232,-0.47746468073365805,-0.003989988008061884,0.0,6.042425899658749e-20,-0.47347469272559617
gamma_minus_one,0.5434,-1.0,53,0.018867924528301886,-0.47739610099986096,-0.003921408274264793,0.0,6.021232437365196e-20,-0.47347469272559617
gamma_minus_one,0.5434,-1.0,54,0.018518518518518517,-0.4773298013259267,-0.0038551086003305035,0.0,6.000857096245336e-20,-0.47347469272559617
gamma_minus_one,0.5434,-1.0,55,0.01818181818181818,-0.47726567220037835,-0.0037909794747821857,0.0,5.981254168131523e-20,-0.47347469272559617
gamma_minus_one,0.5434,-1.0,56,0.017857142857142856,-0.477203610822105,-0.0037289180965088264,0.0,5.96238122906318e-20,-0.47347469272559617
gamma_minus_one,0.5434,-1.0,57,0.017543859649122806,-0.47714352061379256,-0.003668827888196391,0.0,5.944198854866025e-20,-0.47347469272559617
gamma_minus_one,0.5434,-1.0,58,0.017241379310344827,-0.47708531077468175,-0.003610618049085579,0.0,5.926670365226318e-20,-0.47347469272559617
gamma_minus_one,0.5434,-1.0,59,0.01694915254237288,-0.4770288958693392,-0.003554203143743051,0.0,5.909761593049261e-20,-0.47347469272559617
gamma_minus_one,0.5434,-1.0,60,0.016666666666666666,-0.4769741954493869,-0.0034995027237907372,0.0,5.893440676289439e-20,-0.47347469272559617
gamma_minus_one,0.5434,-1.0,61,0.01639344262295082,-0.47692113370537853,-0.0034464409797823614,0.0,5.877677869786186e-20,-0.47347469272559617
gamma_minus_one,0.5434,-1.0,62,0.016129032258064516,-0.4768696391462477,-0.0033949464206515234,0.0,5.862445374935745e-20,-0.47347469272559617
gamma_minus_one,0.5434,-1.0,63,0.015873015873015872,-0.47681964430396984,-0.003344951578373667,0.0,5.84771718529172e-20,-0.47347469272559617
gamma_minus_one,0.5434,-1.0,64,0.015625,-0.4767710854612838,-0.0032963927356876033,0.0,5.833468946411093e-20,-0.47347469272559617
gamma_minus_one,0.5434,-1.0,65,0.015384615384615385,-0.4767239024005074,-0.003249209674911213,0.0,5.819677828459814e-20,-0.47347469272559617
gamma_minus_one,0.5434,-1.0,66,0.015151515151515152,-0.4766780381716556,-0.0032033454460594357,0.0,5.806322410263601e-20,-0.47347469272559617
gamma_minus_one,0.5434,-1.0,67,0.014925373134328358,-0.47663343887822646,-0.0031587461526302874,0.0,5.793382573639634e-20,-0.47347469272559617
gamma_minus_one,0.5434,-1.0,68,0.014705882352941176,-0.47659005347916894,-0.003115360753572771,0.0,5.780839406976219e-20,-0.47347469272559617
gamma_minus_one,0.5434,-1.0,69,0.014492753623188406,-0.47654783360567615,-0.003073140880079983,0.0,5.768675117142595e-20,-0.47347469272559617
gamma_minus_one,0.5434,-1.0,70,0.014285714285714285,-0.47650673339157107,-0.0030320406659749,0.0,5.756872948912313e-20,-0.47347469272559617
gamma_minus_one,0.5434,-1.0,71,0.014084507042253521,-0.4764667093161597,-0.0029920165905635288,0.0,5.745417111172464e-20,-0.47347469272559617
gamma_minus_one,0.5434,-1.0,72,0.013888888888888888,-0.476427720058529,-0.002953027332932845,0.0,5.734292709269507e-20,-0.47347469272559617
gamma_minus_one,0.5434,-1.0,73,0.0136986301369863,-0.47638972636235505,-0.002915033636758879,0.0,5.723485682911481e-20,-0.47347469272559617
gamma_minus_one,0.5434,-1.0,74,0.013513513513513514,-0.476352690910372,-0.002877998184775854,0.0,5.712982749107527e-20,-0.47347469272559617
gamma_minus_one,0.5434,-1.0,75,0.013333333333333334,-0.47631657820772527,-0.002841885482129103,0.0,5.702771349679616e-20,-0.47347469272559617
gamma_minus_one,0.5434,-1.0,76,0.013157894736842105,-0.4762813544735017,-0.0028066617479055034,0.0,5.692839602929287e-20,-0.47347469272559617
gamma_minus_one,0.5434,-1.0,77,0.012987012987012988,-0.4762469875397902,-0.002772294814194054,0.0,5.68317625908461e-20,-0.47347469272559617
gamma_minus_one,0.5434,-1.0,78,0.01282051282051282,-0.47621344675768296,-0.0027387540320867876,0.0,5.673770659190349e-20,-0.47347469272559617
gamma_minus_one,0.5434,-1.0,79,0.012658227848101266,-0.4761807029096772,-0.002706010184081009,0.0,5.66461269713782e-20,-0.47347469272559617
gamma_minus_one,0.5434,-1.0,80,0.0125,-0.4761487281279849,-0.0026740354023887525,0.0,5.655692784560832e-20,-0.47347469272559617
gamma_minus_one,0.5434,-1.0,81,0.012345679012345678,-0.4761174958182993,-0.00264280309270315,0.0,5.64700181835073e-20,-0.47347469272559617
gamma_minus_one,0.5434,-1.0,82,0.012195121951219513,-0.47608698058860355,-0.0026122878630073787,0.0,5.638531150567374e-20,-0.47347469272559617
gamma_minus_one,0.5434,-1.0,83,0.012048192771084338,-0.47605715818264416,-0.002582465457047989,0.0,5.63027256054414e-20,-0.47347469272559617
gamma_minus_one,0.5434,-1.0,84,0.011904761904761904,-0.4760280054177216,-0.0025533126921254423,0.0,5.622218229004082e-20,-0.47347469272559617
gamma_minus_one,0.5434,-1.0,85,0.011764705882352941,-0.4759995001264793,-0.0025248074008831223,0.0,5.614360714021424e-20,-0.47347469272559617
gamma_minus_one,0.5434,-1.0,86,0.011627906976744186,-0.4759716211023985,-0.002496928376802321,0.0,5.60669292867793e-20,-0.47347469272559617
gamma_minus_one,0.5434,-1.0,87,0.011494252873563218,-0.4759443480487308,-0.002469655323134645,0.0,5.599208120277352e-20,-0.47347469272559617
gamma_minus_one,0.5434,-1.0,88,0.011363636363636364,-0.4759176615306208,-0.002442968805024648,0.0,5.591899850993619e-20,-0.47347469272559617
gamma_minus_one,0.5434,-1.0,89,0.011235955056179775,-0.4758915429301917,-0.002416850204595533,0.0,5.584761979839482e-20,-0.47347469272559617
gamma_minus_one,0.5434,-1.0,90,0.011111111111111112,-0.4758659744043845,-0.002391281678788326,0.0,5.577788645852439e-20,-0.47347469272559617
gamma_minus_one,0.5434,-1.0,91,0.01098901098901099,-0.4758409388453586,-0.0023662461197624385,0.0,5.570974252403723e-20,-0.47347469272559617
gamma_minus_one,0.5434,-1.0,92,0.010869565217391304,-0.4758164198432752,-0.002341727117679049,0.0,5.564313452544416e-20,-0.47347469272559617
gamma_minus_one,0.5434,-1.0,93,0.010752688172043012,-0.47579240165130005,-0.0023177089257038763,0.0,5.557801135310053e-20,-0.47347469272559617
gamma_minus_one,0.5434,-1.0,94,0.010638297872340425,-0.4757688691526744,-0.0022941764270782428,0.0,5.551432412911836e-20,-0.47347469272559617
gamma_minus_one,0.5434,-1.0,95,0.010526315789473684,-0.475745807829714,-0.0022711151041178157,0.0,5.545202608748577e-20,-0.47347469272559617
gamma_minus_one,0.5434,-1.0,96,0.010416666666666666,-0.47572320373460664,-0.0022485110090104676,0.0,5.539107246179058e-20,-0.47347469272559617
gamma_minus_one,0.5434,-1.0,97,0.010309278350515464,-0.4757010434618897,-0.002226350736293514,0.0,5.533142037999398e-20,-0.47347469272559617
gamma_minus_one,0.5434,-1.0,98,0.01020408163265306,-0.47567931412249576,-0.0022046213968995865,0.0,5.527302876574637e-20,-0.47347469272559617
gamma_minus_one,0.5434,-1.0,99,0.010101010101010102,-0.475658003319265,-0.00218331059366883,0.0,5.521585824577801e-20,-0.47347469272559617
gamma_minus_one,0.5434,-1.0,100,0.01,-0.4756370991238286,-0.0021624063982324526,0.0,5.515987106293482e-20,-0.47347469272559617
