beta,gamma,n,inv_n,delta_n,delta_uncertainty,log_abs_Sn_over_n,e_saddle_re,log_S_complex_real,log_S_complex_imag
0.5434,-0.3,18,0.05555555555555555,-0.0075928579573951716,1.971336277904926e-15,-0.5586782618908579,-0.5510854039334627,-10.056208714035442,1.982600980924249e-15
0.5434,-0.3,19,0.05263157894736842,-0.0073060533185117515,1.9708268105230735e-15,-0.5583914572519745,-0.5510854039334627,-10.609437687787516,2.3219613231035718e-15
0.5434,-0.3,20,0.05,-0.007038903355963799,2.55351295663786e-15,-0.5581243072894265,-0.5510854039334627,-11.162486145788531,-1.4938407479489667e-14
0.5434,-0.3,21,0.047619047619047616,-0.00678948342162744,1.969909198053715e-15,-0.5578748873550902,-0.5510854039334627,-11.715372634456893,9.793155522451156e-16
0.5434,-0.3,22,0.045454545454545456,-0.006556128592014376,1.9694946766061247e-15,-0.5576415325254771,-0.5510854039334627,-12.268113715560496,-6.258183530360729e-15
0.5434,-0.3,23,0.043478260869565216,-0.006337384516855504,1.969106109072138e-15,-0.5574227884503182,-0.5510854039334627,-12.82072413435732,-9.805891087232855e-15
0.5434,-0.3,24,0.041666666666666664,-0.006131970911154361,2.1094237467877974e-15,-0.5572173748446171,-0.5510854039334627,-13.373216996270811,-2.957714063600964e-14
0.5434,-0.3,25,0.04,-0.005938753660942875,1.9683979984248418e-15,-0.5570241575944056,-0.5510854039334627,-13.92560393986014,6.734433472522833e-15
0.5434,-0.3,26,0.038461538461538464,-0.005756722972125372,2.55351295663786e-15,-0.5568421269055881,-0.5510854039334627,-14.47789529954529,-3.7988892917504254e-14
0.5434,-0.3,27,0.037037037037037035,-0.005584975880164933,4.107825191113079e-15,-0.5566703798136277,-0.5510854039334627,-15.030100254967948,2.848703176139446e-14
0.5434,-0.3,28,0.03571428571428571,-0.0054227019916497365,1.9674813065126088e-15,-0.5565081059251125,-0.5510854039334627,-15.582226965903148,1.2745443934723894e-13
0.5434,-0.3,29,0.034482758620689655,-0.005269171680492235,7.105427357601002e-15,-0.556354575613955,-0.5510854039334627,-16.134282692804693,-1.5228089687285326e-13
0.5434,-0.3,30,0.03333333333333333,-0.0051237261906106335,1.9669502188036176e-15,-0.5562091301240734,-0.5510854039334627,-16.6862739037222,-9.453636499283175e-15
0.5434,-0.3,31,0.03225806451612903,-0.004985769248722072,2.9976021664879227e-15,-0.5560711731821848,-0.5510854039334627,-17.238206368647727,9.805436979583335e-14
0.5434,-0.3,32,0.03125,-0.0048547598940946735,4.218847493575595e-15,-0.5559401638275574,-0.5510854039334627,-17.790085242481837,1.0149061115923554e-13
0.5434,-0.3,33,0.030303030303030304,-0.004730206303777962,2.1094237467877974e-14,-0.5558156102372407,-0.5510854039334627,-18.34191513782894,-1.9235084550920833e-13
0.5434,-0.3,34,0.029411764705882353,-0.004611660442403576,4.884981308350689e-15,-0.5556970643758663,-0.5510854039334627,-18.893700188779455,6.22741543816212e-14
0.5434,-0.3,35,0.02857142857142857,-0.004498713402347976,2.7755575615628914e-15,-0.5555841173358107,-0.5510854039334627,-19.445444106753374,-1.1145353095292058e-12
0.5434,-0.3,36,0.027777777777777776,-0.004390991327280824,3.930189507173054e-14,-0.5554763952607435,-0.5510854039334627,-19.99715022938677,-3.6748468242301775e-14
0.5434,-0.3,37,0.02702702702702703,-0.004288151831937648,5.384581669432009e-14,-0.5553735557654004,-0.5510854039334627,-20.548821563319812,-3.764932020373598e-13
0.5434,-0.3,38,0.02631578947368421,-0.004189880848052385,4.163336342344337e-14,-0.5552752847815151,-0.5510854039334627,-21.100460821697574,1.010396052755181e-12
0.5434,-0.3,39,0.02564102564102564,-0.004095889836239541,1.6209256159527285e-13,-0.5551812937697023,-0.5510854039334627,-21.65207045701839,-3.778031810037092e-13
0.5434,-0.3,40,0.025,-0.004005913315596521,7.105427357601002e-14,-0.5550913172490592,-0.5510854039334627,-22.20365268996237,5.055754294698715e-13
0.5434,-0.3,41,0.024390243902439025,-0.003919706669522904,2.609024107869118e-14,-0.5550051106029856,-0.5510854039334627,-22.75520953472241,-2.536001725543763e-12
0.5434,-0.3,42,0.023809523809523808,-0.003837044191644101,8.459899447643693e-14,-0.5549224481251068,-0.5510854039334627,-23.306742821254485,2.2568762619156315e-12
0.5434,-0.3,43,0.023255813953488372,-0.0037577173425995536,1.6819878823071122e-13,-0.5548431212760623,-0.5510854039334627,-23.85825421487068,-5.803292068181311e-14
0.5434,-0.3,44,0.022727272727272728,-0.003681533192460784,8.326672684688674e-15,-0.5547669371259235,-0.5510854039334627,-24.409745233540633,1.18059672297486e-13
0.5434,-0.3,45,0.022222222222222223,-0.0036083130253311557,8.171241461241152e-14,-0.5546937169587939,-0.5510854039334627,-24.961217263145727,4.933402288415262e-12
0.5434,-0.3,46,0.021739130434782608,-0.003537891086745959,1.4199752484955752e-13,-0.5546232950202087,-0.5510854039334627,-25.512671570929598,9.572810855759243e-13
0.5434,-0.3,47,0.02127659574468085,-0.003470113458935109,2.90878432451791e-14,-0.5545555173923978,-0.5510854039334627,-26.064109317442696,-4.658713200470481e-13
0.5434,-0.3,48,0.020833333333333332,-0.003404837049419185,2.731148640577885e-13,-0.5544902409828819,-0.5510854039334627,-26.615531567178333,4.3263713415570946e-12
0.5434,-0.3,49,0.02040816326530612,-0.003341928677992323,5.814237979961945e-13,-0.554427332611455,-0.5510854039334627,-27.166939297961296,2.2268900849372128e-12
0.5434,-0.3,50,0.02,-0.00328126425050268,1.9118040484045196e-13,-0.5543666681839654,-0.5510854039334627,-27.718333409198273,-2.3094995963391393e-12
0.5434,-0.3,51,0.0196078431372549,-0.003222728017909904,6.160627563644994e-13,-0.5543081319513726,-0.5510854039334627,-28.269714729520004,-3.259195209615123e-11
0.5434,-0.3,52,0.019230769230769232,-0.0031662118964922437,1.142419492339286e-13,-0.554251615829955,-0.5510854039334627,-28.821084023157656,7.254858697982621e-12
0.5434,-0.3,53,0.018867924528301886,-0.00311161486289957,2.16382467499443e-13,-0.5541970187963623,-0.5510854039334627,-29.3724419962072,1.3167579511929549e-11
0.5434,-0.3,54,0.018518518518518517,-0.0030588423923120223,3.7969627442180354e-13,-0.5541442463257747,-0.5510854039334627,-29.92378930159184,-5.89491212733761e-11
0.5434,-0.3,55,0.01818181818181818,-0.0030078059604667917,5.565659044748372e-12,-0.5540932098939295,-0.5510854039334627,-30.475126544166123,-1.1276013300210569e-11
0.5434,-0.3,56,0.017857142857142856,-0.002958422579758535,1.0341727474383333e-12,-0.5540438265132213,-0.5510854039334627,-31.02645428474039,6.959355534770744e-13
0.5434,-0.3,57,0.017543859649122806,-0.0029106143765093018,3.113065361048939e-13,-0.553996018309972,-0.5510854039334627,-31.577773043668405,3.653694572705481e-12
0.5434,-0.3,58,0.017241379310344827,-0.0028643082286015087,7.636891119489064e-12,-0.5539497121620642,-0.5510854039334627,-32.129083305399725,5.305344116229989e-11
0.5434,-0.3,59,0.01694915254237288,-0.0028194353855705012,3.927969061123804e-12,-0.5539048393190332,-0.5510854039334627,-32.68038551982296,4.493036907574021e-11
0.5434,-0.3,60,0.016666666666666666,-0.0027759311798054576,1.84297022087776e-14,-0.5538613351132682,-0.5510854039334627,-33.23168010679609,-1.309029215274769e-10
0.5434,-0.3,61,0.01639344262295082,-0.0027337347103051357,8.586353850148498e-12,-0.5538191386437679,-0.5510854039334627,-33.78296745726984,-2.368296107960086e-10
0.5434,-0.3,62,0.016129032258064516,-0.0026927886046547167,1.1991962978186166e-11,-0.5537781925381174,-0.5510854039334627,-34.33424793736328,-1.3610430490967536e-10
0.5434,-0.3,63,0.015873015873015872,-0.0026530387396045407,1.2641443447591882e-11,-0.5537384426730673,-0.5510854039334627,-34.88552188840324,-1.3218337793372484e-10
0.5434,-0.3,64,0.015625,-0.002614433991570353,3.0722646648939644e-11,-0.5536998379250331,-0.5510854039334627,-35.43678962720212,3.196649468531132e-11
0.5434,-0.3,65,0.015384615384615385,-0.002576926182494721,1.0737633004964664e-11,-0.5536623301159574,-0.5510854039334627,-35.98805145753723,-3.352135015237796e-10
0.5434,-0.3,66,0.015151515151515152,-0.0025404696764300683,4.1708192455303106e-11,-0.5536258736098928,-0.5510854039334627,-36.53930765825292,1.4637340690148777e-10
0.5434,-0.3,67,0.014925373134328358,-0.002505021336814961,8.06787969764855e-12,-0.5535904252702777,-0.5510854039334627,-37.0905584931086,1.059680843969071e-09
0.5434,-0.3,68,0.014705882352941176,-0.0024705402696519885,1.723732268033018e-12,-0.5535559442031147,-0.5510854039334627,-37.6418042058118,2.493755205728297e-09
0.5434,-0.3,69,0.014492753623188406,-0.0024369878594590055,1.2155021433812863e-10,-0.5535223917929217,-0.5510854039334627,-38.1930450337116,-8.976127691054871e-10
0.5434,-0.3,70,0.014285714285714285,-0.0024043273924371222,7.803480084334069e-11,-0.5534897313258998,-0.5510854039334627,-38.74428119281299,-1.5193929043709652e-09
0.5434,-0.3,71,0.014084507042253521,-0.002372524053578906,1.390233483888892e-10,-0.5534579279870416,-0.5510854039334627,-39.29551288707996,1.3464611206883821e-09
0.5434,-0.3,72,0.013888888888888888,-0.0023415449279896583,3.146617411076136e-10,-0.5534269488614524,-0.5510854039334627,-39.84674031802457,5.557739183229475e-10
0.5434,-0.3,73,0.0136986301369863,-0.0023113585362194433,1.1456346982186005e-10,-0.5533967624696822,-0.5510854039334627,-40.3979636602868,4.193201173969493e-09
0.5434,-0.3,74,0.013513513513513514,-0.0022819350617185874,6.712956857057861e-10,-0.5533673389951813,-0.5510854039334627,-40.94918308564342,7.812407215982186e-09
0.5434,-0.3,75,0.013333333333333334,-0.0022532462472188985,9.376834864127659e-10,-0.5533386501806816,-0.5510854039334627,-41.500398763551125,-9.671115625275355e-09
0.5434,-0.3,76,0.013157894736842105,-0.002225265182801084,4.416407239915543e-10,-0.5533106691162638,-0.5510854039334627,-42.05161085283605,-8.370908915857529e-09
0.5434,-0.3,77,0.012987012987012988,-0.0021979660237397836,1.3407028820466849e-09,-0.5532833699572025,-0.5510854039334627,-42.6028194867046,-2.6836722818921735e-09
0.5434,-0.3,78,0.01282051282051282,-0.0021713242709131553,1.1882107520122531e-09,-0.5532567282043759,-0.5510854039334627,-43.15402479994132,-5.797786906779552e-10
0.5434,-0.3,79,0.012658227848101266,-0.002145316805259423,2.5964780325793413e-09,-0.5532307207387221,-0.5510854039334627,-43.70522693835905,-1.537332501665025e-08
0.5434,-0.3,80,0.0125,-0.0021199218623840776,4.1151428931129885e-09,-0.5532053257958468,-0.5510854039334627,-44.256426063667746,-1.037068344305868e-08
0.5434,-0.3,81,0.012345679012345678,-0.002095117344536268,6.383040651591898e-09,-0.553180521277999,-0.5510854039334627,-44.80762222351792,-1.3646971154041258e-08
0.5434,-0.3,82,0.012195121951219513,-0.0020708831328696276,6.798372642613515e-09,-0.5531562870663324,-0.5510854039334627,-45.358815539439256,-4.355198848435514e-08
0.5434,-0.3,83,0.012048192771084338,-0.002047201025276224,5.5392698206091495e-09,-0.553132604958739,-0.5510854039334627,-45.91000621157533,-3.255046760213609e-08
0.5434,-0.3,84,0.011904761904761904,-0.002024050613795403,8.782782501270958e-09,-0.5531094545472581,-0.5510854039334627,-46.46119418196968,1.7574496519076112e-08
0.5434,-0.3,85,0.011764705882352941,-0.002001415289264896,1.7267880125793056e-08,-0.5530868192227276,-0.5510854039334627,-47.01237963393185,-1.2481184972688503e-08
0.5434,-0.3,86,0.011627906976744186,-0.0019792780690454093,3.416767713204649e-08,-0.5530646820025081,-0.5510854039334627,-47.5635626522157,-4.503024495920077e-08
0.5434,-0.3,87,0.011494252873563218,-0.0019576231701936564,3.1455503757271686e-08,-0.5530430271036564,-0.5510854039334627,-48.1147433580181,1.5048286831569123e-07
0.5434,-0.3,88,0.011363636363636364,-0.001936435603592579,4.191289215693672e-08,-0.5530218395370553,-0.5510854039334627,-48.665921879260864,-9.856065493219514e-08
0.5434,-0.3,89,0.011235955056179775,-0.0019156982822844393,5.1428688419008495e-08,-0.5530011022157472,-0.5510854039334627,-49.2170980972015,-1.9208995060636158e-07
0.5434,-0.3,90,0.011111111111111112,-0.001895398678923521,7.240499022564961e-08,-0.5529808026123862,-0.5510854039334627,-49.76827223511476,3.712952695267116e-07
0.5434,-0.3,91,0.01098901098901099,-0.0018755268813397397,7.512765776152008e-08,-0.5529609308148025,-0.5510854039334627,-50.319444704147024,5.018779870007775e-07
0.5434,-0.3,92,0.010869565217391304,-0.0018560577414513668,1.1632984620035813e-07,-0.5529414616749141,-0.5510854039334627,-50.8706144740921,-2.8879088637713644e-08
0.5434,-0.3,93,0.010752688172043012,-0.001836990894545365,1.0830587471311048e-07,-0.5529223948280081,-0.5510854039334627,-51.42178271900475,-1.2521087870189867e-07
0.5434,-0.3,94,0.010638297872340425,-0.0018183072317086157,1.677364959151717e-07,-0.5529037111651713,-0.5510854039334627,-51.972948849526105,-1.0032739784104445e-06
0.5434,-0.3,95,0.010526315789473684,-0.0017999991443360397,2.652915501721864e-07,-0.5528854030777988,-0.5510854039334627,-52.524113292390886,8.138047439059535e-07
0.5434,-0.3,96,0.010416666666666666,-0.0017820509703632137,2.1552829976290155e-07,-0.5528674549038259,-0.5510854039334627,-53.07527567076729,2.225053686562325e-06
0.5434,-0.3,97,0.010309278350515464,-0.0017644586622094227,3.247323127064661e-07,-0.5528498625956721,-0.5510854039334627,-53.6264366717802,-1.3595759340450459e-06
0.5434,-0.3,98,0.01020408163265306,-0.0017471961856294627,1.538712351978333e-07,-0.5528326001190922,-0.5510854039334627,-54.177594811671035,-9.328412419376281e-07
0.5434,-0.3,99,0.010101010101010102,-0.001730264718451613,3.792306860761485e-07,-0.5528156686519143,-0.5510854039334627,-54.72875119653952,9.18072481614376e-07
0.5434,-0.3,100,0.01,-0.0017136946395818198,9.441090959017018e-07,-0.5527990985730445,-0.5510854039334627,-55.27990985730445,1.0019614934720856e-06
0.5434,-1.0,18,0.05555555555555555,-0.00928557735902491,1.7763568394002505e-15,-0.48276027008462363,-0.4734746927255987,-8.689684861523226,-1.319093346134845e-15
0.5434,-1.0,19,0.05263157894736842,-0.008982849411105664,1.7763568394002505e-15,-0.4824575421367044,-0.4734746927255987,-9.166693300597384,-6.571086590547185e-16
0.5434,-1.0,20,0.05,-0.008691390794538345,1.7763568394002505e-15,-0.48216608352013707,-0.4734746927255987,-9.643321670402742,4.802591539833495e-16
0.5434,-1.0,21,0.047619047619047616,-0.008412139961263665,1.7763568394002505e-15,-0.4818868326868624,-0.4734746927255987,-10.11962348642411,-1.4285663383782802e-15
0.5434,-1.0,22,0.045454545454545456,-0.008145467348993851,1.7763568394002505e-15,-0.4816201600745926,-0.4734746927255987,-10.595643521641037,-2.3388980546970576e-16
0.5434,-1.0,23,0.043478260869565216,-0.007891366168176595,1.7763568394002505e-15,-0.4813660588937753,-0.4734746927255987,-11.071419354556832,1.4885847876510674e-15
0.5434,-1.0,24,0.041666666666666664,-0.007649583779765712,1.7763568394002505e-15,-0.48112427650536443,-0.4734746927255987,-11.546982636128746,5.571784201904818e-16
0.5434,-1.0,25,0.04,-0.007419712236651166,1.7763568394002505e-15,-0.4808944049622499,-0.4734746927255987,-12.022360124056247,-3.569366764014363e-16
0.5434,-1.0,26,0.038461538461538464,-0.007201250600916587,1.7763568394002505e-15,-0.4806759433265153,-0.4734746927255987,-12.497574526489398,-1.2632424408834934e-15
0.5434,-1.0,27,0.037037037037037035,-0.006993647665725855,1.7763568394002505e-15,-0.4804683403913246,-0.4734746927255987,-12.972645190565764,-1.377069258275623e-15
0.5434,-1.0,28,0.03571428571428571,-0.006796331025609781,1.7763568394002505e-15,-0.4802710237512085,-0.4734746927255987,-13.447588665033837,-1.1248158816098945e-15
0.5434,-1.0,29,0.034482758620689655,-0.006608726614470761,1.7763568394002505e-15,-0.4800834193400695,-0.4734746927255987,-13.922419160862015,-8.695951588952411e-16
0.5434,-1.0,30,0.03333333333333333,-0.006430271581582103,1.7763568394002505e-15,-0.4799049643071808,-0.4734746927255987,-14.397148929215424,-9.687105106600271e-16
0.5434,-1.0,31,0.03225806451612903,-0.006260422514865638,1.7763568394002505e-15,-0.47973511524046436,-0.4734746927255987,-14.871788572454395,-4.497782130119869e-16
0.5434,-1.0,32,0.03125,-0.006098660423413005,1.7763568394002505e-15,-0.4795733531490117,-0.4734746927255987,-15.346347300768375,1.8327118562534182e-16
0.5434,-1.0,33,0.030303030303030304,-0.005944493474422885,1.7763568394002505e-15,-0.4794191862000216,-0.4734746927255987,-15.820833144600712,4.792069144288716e-16
0.5434,-1.0,34,0.029411764705882353,-0.00579745818742694,1.7763568394002505e-15,-0.47927215091302566,-0.4734746927255987,-16.295253131042873,-1.2044302951719526e-15
0.5434,-1.0,35,0.02857142857142857,-0.005657119582665515,1.7763568394002505e-15,-0.47913181230826424,-0.4734746927255987,-16.76961343078925,8.156657789411851e-16
0.5434,-1.0,36,0.027777777777777776,-0.005523070634767868,1.7763568394002505e-15,-0.4789977633603666,-0.4734746927255987,-17.243919480973197,8.919539420187397e-16
0.5434,-1.0,37,0.02702702702702703,-0.005394931279444903,1.7763568394002505e-15,-0.4788696240050436,-0.4734746927255987,-17.718176088186613,1.2152740818848748e-15
0.5434,-1.0,38,0.02631578947368421,-0.005272347147288192,1.7763568394002505e-15,-0.4787470398728869,-0.4734746927255987,-18.192387515169703,2.2920852609016998e-15
0.5434,-1.0,39,0.02564102564102564,-0.005154988146282957,1.7763568394002505e-15,-0.4786296808718817,-0.4734746927255987,-18.666557554003386,3.1320263416431073e-15
0.5434,-1.0,40,0.025,-0.005042546977169937,1.7763568394002505e-15,-0.47851723970276866,-0.4734746927255987,-19.140689588110746,-2.5741401027205423e-15
0.5434,-1.0,41,0.024390243902439025,-0.004934737639069098,1.7763568394002505e-15,-0.4784094303646678,-0.4734746927255987,-19.61478664495138,3.3778559596155667e-16
0.5434,-1.0,42,0.023809523809523808,-0.004831293963707239,1.7763568394002505e-15,-0.47830598668930596,-0.4734746927255987,-20.08885144095085,6.906803760583006e-16
0.5434,-1.0,43,0.023255813953488372,-0.004731968203049219,1.7763568394002505e-15,-0.47820666092864794,-0.4734746927255987,-20.56288641993186,4.442987555447306e-15
0.5434,-1.0,44,0.022727272727272728,-0.004636529685542123,1.7763568394002505e-15,-0.47811122241114085,-0.4734746927255987,-21.036893786090197,-7.457044792592918e-16
0.5434,-1.0,45,0.022222222222222223,-0.004544763549444997,1.7763568394002505e-15,-0.4780194562750437,-0.4734746927255987,-21.510875532376968,-3.7174531036577105e-15
0.5434,-1.0,46,0.021739130434782608,-0.004456469557025611,1.7763568394002505e-15,-0.47793116228262433,-0.4734746927255987,-21.98483346500072,-1.677706077310523e-15
0.5434,-1.0,47,0.02127659574468085,-0.0043714609901961965,1.7763568394002505e-15,-0.4778461537157949,-0.4734746927255987,-22.45876922464236,-3.527081571133622e-15
0.5434,-1.0,48,0.020833333333333332,-0.004289563626002357,1.7763568394002505e-15,-0.4777642563516011,-0.4734746927255987,-22.93268430487685,-7.915960355653582e-16
0.5434,-1.0,49,0.02040816326530612,-0.004210614788977607,1.7763568394002505e-15,-0.47768530751457633,-0.4734746927255987,-23.40658006821424,-1.165981314883104e-15
0.5434,-1.0,50,0.02,-0.004134462476531375,1.7763568394002505e-15,-0.4776091552021301,-0.4734746927255987,-23.880457760106506,-1.647651440956671e-16
0.5434,-1.0,51,0.0196078431372549,-0.004060964553031121,1.7763568394002505e-15,-0.47753565727862984,-0.4734746927255987,-24.35431852121012,-1.1138763250072892e-15
0.5434,-1.0,52,0.019230769230769232,-0.00398998800805922,1.7763568394002505e-15,-0.47746468073365794,-0.4734746927255987,-24.828163398150213,2.0215034192766942e-15
0.5434,-1.0,53,0.018867924528301886,-0.003921408274262184,1.7763568394002505e-15,-0.4773961009998609,-0.4734746927255987,-25.30199335299263,1.508205480154478e-16
0.5434,-1.0,54,0.018518518518518517,-0.00385510860032795,1.7763568394002505e-15,-0.4773298013259267,-0.4734746927255987,-25.77580927160004,-1.264774532721292e-14
0.5434,-1.0,55,0.01818181818181818,-0.0037909794747796877,1.7763568394002505e-15,-0.4772656722003784,-0.4734746927255987,-26.249611971020812,-1.2107754417710347e-15
0.5434,-1.0,56,0.017857142857142856,-0.0037289180965063284,1.7763568394002505e-15,-0.47720361082210505,-0.4734746927255987,-26.723402206037882,-9.817206152280612e-15
0.5434,-1.0,57,0.017543859649122806,-0.0036688278881939484,1.7763568394002505e-15,-0.47714352061379267,-0.4734746927255987,-27.197180674986182,-2.1376453419386493e-15
0.5434,-1.0,58,0.017241379310344827,-0.003610618049083081,1.7763568394002505e-15,-0.4770853107746818,-0.4734746927255987,-27.670948024931544,2.73041427596958e-15
0.5434,-1.0,59,0.01694915254237288,-0.003554203143740442,1.7763568394002505e-15,-0.47702889586933916,-0.4734746927255987,-28.14470485629101,2.823108278665932e-15
0.5434,-1.0,60,0.016666666666666666,-0.0034995027237883503,1.7763568394002505e-15,-0.4769741954493871,-0.4734746927255987,-28.618451726963226,-5.194592847708924e-15
0.5434,-1.0,61,0.01639344262295082,-0.003446440979779808,1.7763568394002505e-15,-0.47692113370537853,-0.4734746927255987,-29.09218915602809,-2.7379031137015563e-15
0.5434,-1.0,62,0.016129032258064516,-0.003394946420649192,1.7763568394002505e-15,-0.4768696391462479,-0.4734746927255987,-29.56591762706737,4.243180511029473e-15
0.5434,-1.0,63,0.015873015873015872,-0.0033449515783712247,1.7763568394002505e-15,-0.47681964430396995,-0.4734746927255987,-30.039637591150107,1.0367749298072954e-14
0.5434,-1.0,64,0.015625,-0.0032963927356849942,1.7763568394002505e-15,-0.4767710854612837,-0.4734746927255987,-30.513349469522158,1.5451853490732673e-16
0.5434,-1.0,65,0.015384615384615385,-0.0032492096749088817,1.7763568394002505e-15,-0.4767239024005076,-0.4734746927255987,-30.987053656032995,5.438642174720787e-15
0.5434,-1.0,66,0.015151515151515152,-0.0032033454460570487,1.7763568394002505e-15,-0.47667803817165577,-0.4734746927255987,-31.46075051932928,-4.441649791245607e-15
0.5434,-1.0,67,0.014925373134328358,-0.003158746152628178,1.7763568394002505e-15,-0.4766334388782269,-0.4734746927255987,-31.9344404048412,-2.742602173150033e-15
0.5434,-1.0,68,0.014705882352941176,-0.0031153607535702177,1.7763568394002505e-15,-0.47659005347916894,-0.4734746927255987,-32.40812363658349,-4.2308970797652215e-15
0.5434,-1.0,69,0.014492753623188406,-0.0030731408800777626,1.7763568394002505e-15,-0.4765478336056765,-0.4734746927255987,-32.88180051879168,1.9692412794946445e-16
0.5434,-1.0,70,0.014285714285714285,-0.003032040665972513,1.7763568394002505e-15,-0.47650673339157124,-0.4734746927255987,-33.35547133740999,2.998357929499423e-16
0.5434,-1.0,71,0.014084507042253521,-0.0029920165905611973,1.7763568394002505e-15,-0.4764667093161599,-0.4734746927255987,-33.829136361447354,3.0018614719864355e-16
0.5434,-1.0,72,0.013888888888888888,-0.0029530273329304024,1.7763568394002505e-15,-0.4764277200585291,-0.4734746927255987,-34.302795844214096,-1.106576466353368e-14
0.5434,-1.0,73,0.0136986301369863,-0.0029150336367562146,1.7763568394002505e-15,-0.47638972636235494,-0.4734746927255987,-34.77645002445191,-4.583542813139146e-15
0.5434,-1.0,74,0.013513513513513514,-0.0028779981847729674,1.7763568394002505e-15,-0.4763526909103717,-0.4734746927255987,-35.250099127367506,1.0062912044494603e-14
0.5434,-1.0,75,0.013333333333333334,-0.0028418854821261608,1.7763568394002505e-15,-0.4763165782077249,-0.4734746927255987,-35.72374336557937,-1.949407725818443e-15
0.5434,-1.0,76,0.013157894736842105,-0.002806661747903061,1.7763568394002505e-15,-0.4762813544735018,-0.4734746927255987,-36.197382939986134,5.12999193371808e-15
0.5434,-1.0,77,0.012987012987012988,-0.002772294814191667,1.7763568394002505e-15,-0.4762469875397904,-0.4734746927255987,-36.67101804056386,4.958720792637811e-15
0.5434,-1.0,78,0.01282051282051282,-0.002738754032084567,1.7763568394002505e-15,-0.4762134467576833,-0.4734746927255987,-37.1446488470993,-1.864200947416873e-14
0.5434,-1.0,79,0.012658227848101266,-0.002706010184078733,1.7763568394002505e-15,-0.47618070290967746,-0.4734746927255987,-37.61827552986452,6.403164640911597e-15
0.5434,-1.0,80,0.0125,-0.002674035402386199,1.7763568394002505e-15,-0.4761487281279849,-0.4734746927255987,-38.09189825023879,6.7718239861874295e-15
0.5434,-1.0,81,0.012345679012345678,-0.002642803092700763,1.7763568394002505e-15,-0.4761174958182995,-0.4734746927255987,-38.56551716128226,2.8520365473166777e-15
0.5434,-1.0,82,0.012195121951219513,-0.00261228786300427,1.7763568394002505e-15,-0.476086980588603,-0.4734746927255987,-39.039132408265445,2.798708330953307e-15
0.5434,-1.0,83,0.012048192771084338,-0.0025824654570455463,1.7763568394002505e-15,-0.47605715818264427,-0.4734746927255987,-39.51274412915947,-6.986008603372897e-15
0.5434,-1.0,84,0.011904761904761904,-0.0025533126921227778,1.7763568394002505e-15,-0.4760280054177215,-0.4734746927255987,-39.98635245508861,-2.5367110372079906e-14
0.5434,-1.0,85,0.011764705882352941,-0.0025248074008808463,1.7763568394002505e-15,-0.47599950012647957,-0.4734746927255987,-40.45995751075076,-9.908887152673319e-15
0.5434,-1.0,86,0.011627906976744186,-0.0024969283767997674,1.7763568394002505e-15,-0.4759716211023985,-0.4734746927255987,-40.93355941480627,-6.2840193328292765e-15
0.5434,-1.0,87,0.011494252873563218,-0.0024696553231317586,1.7763568394002505e-15,-0.4759443480487305,-0.4734746927255987,-41.40715828023955,-2.4215071565982046e-14
0.5434,-1.0,88,0.011363636363636364,-0.0024429688050227605,1.7763568394002505e-15,-0.4759176615306215,-0.4734746927255987,-41.88075421469469,-5.567924377500291e-15
0.5434,-1.0,89,0.011235955056179775,-0.002416850204593146,1.7763568394002505e-15,-0.47589154293019187,-0.4734746927255987,-42.35434732078708,-8.980659294962143e-15
0.5434,-1.0,90,0.011111111111111112,-0.0023912816787860502,1.7763568394002505e-15,-0.4758659744043848,-0.4734746927255987,-42.82793769639463,-2.0661375517342604e-14
0.5434,-1.0,91,0.01098901098901099,-0.002366246119759663,1.7763568394002505e-15,-0.4758409388453584,-0.4734746927255987,-43.30152543492761,1.3034897775748203e-15
0.5434,-1.0,92,0.010869565217391304,-0.0023417271176760512,1.7763568394002505e-15,-0.4758164198432748,-0.4734746927255987,-43.77511062558128,-1.493964704819959e-14
0.5434,-1.0,93,0.010752688172043012,-0.0023177089257018224,1.7763568394002505e-15,-0.47579240165130054,-0.4734746927255987,-44.24869335357095,-3.2128281092830297e-15
0.5434,-1.0,94,0.010638297872340425,-0.0022941764270763,1.7763568394002505e-15,-0.475768869152675,-0.4734746927255987,-44.72227370035145,-1.103012046571195e-14
0.5434,-1.0,95,0.010526315789473684,-0.0022711151041147626,1.7763568394002505e-15,-0.4757458078297135,-0.4734746927255987,-45.19585174382278,3.021057740317828e-14
0.5434,-1.0,96,0.010416666666666666,-0.00224851100900747,1.7763568394002505e-15,-0.4757232037346062,-0.4734746927255987,-45.669427558522194,-1.4988431987562222e-14
0.5434,-1.0,97,0.010309278350515464,-0.002226350736290905,1.7763568394002505e-15,-0.4757010434618896,-0.4734746927255987,-46.143001215803295,1.7752318095551537e-14
0.5434,-1.0,98,0.01020408163265306,-0.0022046213968974215,1.7763568394002505e-15,-0.47567931412249614,-0.4734746927255987,-46.616572784004624,-1.4594020530617285e-14
0.5434,-1.0,99,0.010101010101010102,-0.002183310593666221,1.7763568394002505e-15,-0.47565800331926494,-0.4734746927255987,-47.09014232860723,-7.045194422005964e-15
0.5434,-1.0,100,0.01,-0.0021624063982293995,1.7763568394002505e-15,-0.4756370991238281,-0.4734746927255987,-47.56370991238281,-1.9589274540876626e-14
