gamma,step_index,certified,failed,failure_reason,residual_inf,krawczyk_contraction,box_radius,re_phi_m,im_phi_m,phi_pref_conv2,full_conv2_exponent,lambda_abs_n_max,gap_to_exact,z_distance_from_previous,jacobian_cond,iterate_used,iterate_converged,matches_exact_tol,z_real,z_imag
-0.001,0,True,False,,8.881784197001252e-16,4.119405532735372e-06,9.930133163329966e-15,0.0004221811219571208,9.978165752053791e-17,-0.689609375,-0.6891871938780428,-0.6891100295771402,-7.716430090265458e-05,0.0,1.0037584076014616,True,True,True,"[5.339284901847091, -0.0014594175309075724, -5.7792003328982275, 0.0057154529280749565, -0.001459417530907574, 8.948634858601775e-06, 0.005715452928074951, -5.751556610255777e-06]","[2.2116042197189665, 0.007328608646363924, -3.1963024118014785e-31, 0.0007569433481038027, -0.007328608646363931, 3.706645923157494e-06, -0.0007569433481038041, -1.996637105574538e-22]"
-0.011,1,True,False,,9.71445146547012e-17,3.054593698632744e-06,1.0152208913185922e-15,0.004745738080747325,1.7571855124638848e-16,-0.689609375,-0.6848636369192527,-0.6840979329287088,-0.0007657039905438756,0.0534369528656523,1.0518933241522397,False,False,True,"[5.339284901847089, -0.012026555361696618, -5.7792003328982275, 0.04777189541741482, -0.012026555361696575, 0.0006079808909629098, 0.04777189541741482, -0.00039886297239356724]","[2.211604219718965, 0.0597103185232957, -9.597394691799545e-30, 0.004763246846260884, -0.05971031852329555, -0.000251833930700515, -0.004763246846260887, 4.8371420025600475e-20]"
-0.020999999999999998,2,True,False,,1.7763568394002505e-15,1.106462753659172e-05,1.7763528183468742e-14,0.009252898289601325,2.0134496101569079e-16,-0.689609375,-0.6803564767103987,-0.6790610364267653,-0.0012954402836333756,0.04634320130892326,1.1073449290563169,False,False,True,"[5.339284901847083, -0.021406887902872734, -5.779200332898222, 0.08596393110881066, -0.02140688790287274, 0.0019178159497555043, 0.08596393110881062, -0.0012845666097052644]","[2.2116042197189616, 0.1050942547670409, -4.4223479971566994e-30, 0.005562108743719259, -0.10509425476704085, -0.0007943853765241701, -0.005562108743719317, 1.7680446202187935e-18]"
-0.031,3,True,False,,8.881784197001252e-15,7.198384359264624e-06,8.88178459946776e-14,0.013935938055045033,-4.333861218470165e-17,-0.689609375,-0.675673436944955,-0.6740118576005782,-0.001661579344376718,0.04354956816060195,1.1669635500482007,False,False,True,"[5.33928490184708, -0.03042209864184781, -5.779200332898219, 0.12300277830857659, -0.030422098641847747, 0.003834580630696267, 0.12300277830857663, -0.002622228242445883]","[2.211604219718962, 0.14770048508969189, 4.187844252232079e-29, 0.0034254371428917366, -0.14770048508969172, 0.0015883353032475735, -0.0034254371428917934, -1.218706338790543e-18]"
-0.041,4,True,False,,8.881784197001252e-16,6.303717204727452e-06,9.930124472944092e-15,0.018779480781347557,-1.3546010586132253e-17,-0.689609375,-0.6708298942186524,-0.6689621722068573,-0.001867722011795081,0.041795993898139545,1.2290134881192836,False,False,True,"[5.33928490184709, -0.039266097504422434, -5.7792003328982275, 0.15910800998827943, -0.039266097504422275, 0.006286044853908551, 0.1591080099882796, -0.004387143161208586]","[2.2116042197189647, 0.1885500724811466, 7.43690566241704e-30, -0.001637827845516487, -0.18855007248114633, -0.0026037650321744997, 0.0016378278455170142, -1.0032194671210816e-17]"
-0.051000000000000004,5,True,False,,4.440892098500626e-15,6.646747925522484e-06,5.420799910267228e-15,0.023761253644245417,1.2543055063352655e-16,-0.689609375,-0.6658481213557546,-0.6639229025480159,-0.00192521880773866,0.040527643020426024,1.2920424646135047,False,False,True,"[5.33928490184708, -0.048027408965168446, -5.7792003328982275, 0.19408272940164703, -0.048027408965168536, 0.009197863842187208, 0.19408272940164667, -0.006547230172499227]","[2.211604219718959, 0.22811936954691261, -2.2063147759850608e-29, -0.009529300596173237, -0.2281193695469129, 0.0038098799482950358, 0.009529300596172826, 3.2671854720707305e-18]"
-0.061000000000000006,6,True,False,,2.7755575615628914e-16,7.81569901837854e-06,3.552924494267607e-15,0.028853968114229023,1.8151284946781722e-16,-0.689609375,-0.660755406885771,-0.6589040517177328,-0.001851355168038138,0.039539737762199365,1.3548515577438223,False,False,True,"[5.339284901847084, -0.05675609273336213, -5.779200332898224, 0.22763700868027215, -0.05675609273336227, 0.012492315402211648, 0.2276370086802717, -0.009061125807915096]","[2.211604219718962, 0.26668361389291745, -9.891969143700163e-30, -0.020023951525405172, -0.2666836138929177, 0.0051744864650383575, 0.02002395152540471, 1.2254040109453975e-17]"
-0.07100000000000001,7,True,False,,4.510281037539698e-16,4.4334394838474225e-06,5.495444115697426e-16,0.03402781734973387,-7.402773355912421e-17,-0.689609375,-0.6555815576502662,-0.653914676283799,-0.0016668813664671989,0.03873398314263678,1.416530133506502,False,False,True,"[5.339284901847089, -0.0654839419214106, -5.7792003328982275, 0.2595153315366208, -0.0654839419214104, 0.01609341237824105, 0.2595153315366206, -0.011881717102164594]","[2.211604219718965, 0.3044214741746657, -2.297978824220656e-28, -0.03279700735600145, -0.3044214741746655, -0.006666109671930489, 0.032797007356001134, 8.600716125543474e-18]"
-0.081,8,True,False,,1.7763568394002505e-15,6.739864205502031e-06,1.986026675333913e-14,0.03925293060042262,3.095785342252856e-16,-0.689609375,-0.6503564443995773,-0.64896288969417,-0.0013935547054072517,0.03805571157037867,1.4764516986562253,False,False,True,"[5.3392849018470825, -0.07423269748029662, -5.779200332898224, 0.28954834031861254, -0.07423269748029673, 0.01993226078752837, 0.2895483403186125, -0.014960961503348982]","[2.211604219718963, 0.34145789488858824, 7.489802192205368e-30, -0.047473344508446993, -0.3414578948885885, -0.008256212746951676, 0.047473344508447084, -6.194693138162022e-18]"
-0.091,9,True,False,,3.552713678800501e-15,7.68547067035179e-06,3.5527182738206446e-14,0.04450128875859066,2.3386088140219045e-16,-0.689609375,-0.6451080862414094,-0.6440558890888269,-0.0010521971525824236,0.037471448514481476,1.5342328931943146,False,False,True,"[5.339284901847086, -0.08301800970147671, -5.779200332898223, 0.31766104656686633, -0.08301800970147667, 0.02395031253633838, 0.3176610465668663, -0.01825383239151813]","[2.211604219718963, 0.37788491429657467, -5.183537502501646e-30, -0.06367475008138361, -0.3778849142965745, -0.00992054427562568, 0.06367475008138394, -1.9333687711651276e-17]"
-0.10099999999999999,10,True,False,,8.881784197001252e-16,5.769556239317983e-06,1.2560728067796728e-14,0.049747911672346434,3.336212919565526e-16,-0.689609375,-0.6398614633276536,-0.6391999989757535,-0.0006614643519000651,0.036959246221873195,1.58967770544543,False,False,True,"[5.339284901847088, -0.09185157738400183, -5.779200332898227, 0.34385815084878046, -0.09185157738400193, 0.028100245998538685, 0.3438581508487804, -0.021720624513999254]","[2.2116042197189643, 0.41377298979927135, -3.192911961406007e-30, -0.08105287798168788, -0.4137729897992717, -0.01163950299861504, 0.08105287798168767, 9.889211395651918e-18]"
-0.11099999999999999,11,True,False,,5.329070518200751e-15,6.289893967470357e-06,5.3475405003872825e-14,0.05497137988238843,-1.2434842332523205e-16,-0.689609375,-0.6346379951176115,-0.6344007261949988,-0.00023726892261277666,0.03650395721138421,1.6427239401564115,False,False,True,"[5.339284901847098, -0.10074240079898013, -5.779200332898233, 0.36820150223975684, -0.10074240079898013, 0.03234518652609366, 0.3682015022397569, -0.02532776977415851]","[2.2116042197189674, 0.4491776808880839, 1.1094334704257764e-29, -0.09930617885330084, -0.4491776808880839, 0.013397814936595476, 0.09930617885330079, 4.983577480656575e-18]"
-0.12099999999999998,12,True,False,,5.329070518200751e-15,4.67207263024359e-06,5.329075902842673e-14,0.06015387232221092,-1.9812536092649226e-16,-0.689609375,-0.629455502677789,-0.6296628216107636,0.00020731893297454285,0.03609470072780316,1.6933994283118123,False,False,True,"[5.33928490184709, -0.10969756219959044, -5.7792003328982275, 0.3907884769699029, -0.10969756219959091, 0.03665712350122726, 0.3907884769699032, -0.029047665638524074]","[2.211604219718962, 0.48414384317276443, 3.2077050614575574e-30, -0.11818455575900165, -0.48414384317276543, -0.01518387771179385, 0.11818455575900152, 1.567797299000143e-17]"
-0.13099999999999998,13,True,False,,1.1546319456101628e-14,7.627823332551717e-06,1.1957473878916876e-13,0.06528091231562017,-1.3821655511758251e-16,-0.689609375,-0.6243284626843798,-0.6249903449407715,0.0006618822563917437,0.035723405928075776,1.7417887154049252,False,False,True,"[5.339284901847094, -0.11872273613532336, -5.779200332898233, 0.41173490683194697, -0.11872273613532341, 0.04101514356448628, 0.4117349068319477, -0.03285800118599091]","[2.211604219718966, 0.5187083910004425, -3.8797309489629785e-29, -0.1374866454486929, -0.5187083910004424, -0.016989028727089694, 0.13748664544869393, -4.7218168390801644e-17]"
-0.141,14,True,False,,7.993605777301127e-15,7.15724857964185e-06,8.005934828911793e-14,0.07034097292350971,6.705082063635345e-16,-0.689609375,-0.6192684020764903,-0.6203867300026096,0.0011183279261193224,0.03538392633418181,1.7880097590088064,False,False,True,"[5.339284901847086, -0.12782253641244146, -5.779200332898224, 0.43116310984635964, -0.12782253641244157, 0.04540381237259281, 0.43116310984635936, -0.036740914802262756]","[2.2116042197189665, 0.5529021898203946, -1.1339332579323392e-29, -0.15705364389989557, -0.5529021898203946, -0.018806874868171293, 0.1570536438998953, 2.6111666230206533e-17]"
-0.151,15,True,False,,3.552713678800501e-15,5.770074300192337e-06,3.972054321541374e-14,0.07532504105036852,2.2230652451677506e-16,-0.689609375,-0.6142843339496314,-0.6158548484008282,0.001570514451196714,0.0350714766645466,1.8321976003850704,False,False,True,"[5.339284901847092, -0.13700075973193182, -5.7792003328982275, 0.44919422872166465, -0.13700075973193215, 0.04981183143384737, 0.4491942287216649, -0.04068216873296444]","[2.211604219718967, 0.5867513950123833, -1.8119351946406006e-29, -0.1767621526412502, -0.5867513950123839, -0.020632736146542065, 0.17676215264125, 2.7555498536969855e-17]"
-0.161,16,True,False,,5.329070518200751e-15,4.873443426367796e-06,5.402575752634914e-14,0.0802261970084488,-3.056584410226354e-16,-0.689609375,-0.6093831779915512,-0.6113970702915901,0.0020138923000388997,0.04332192721851356,1.8744938602796573,False,False,True,"[5.339284901847094, -0.14626056147878952, -5.7792003328982275, 0.4659437466736619, -0.14626056147878985, 0.054230983418557664, 0.4659437466736619, -0.044670422801000614]","[2.211604219718966, 0.6202784251777747, -6.92202197755156e-29, -0.19651735290681216, -0.6202784251777754, 0.022463208832796965, 0.1965173529068119, 3.766817992724974e-17]"
-0.171,17,True,False,,5.329070518200751e-15,7.665731973895496e-06,5.3290729147209435e-14,0.08503923695815307,-2.851425732704756e-16,-0.689609375,-0.6045701380418469,-0.6070153213492482,0.0024451833074012885,0.046967891913445574,1.9150398550207746,False,False,True,"[5.339284901847094, -0.15560458552484002, -5.779200332898233, 0.4815191602378018, -0.15560458552484036, 0.05865533035921447, 0.48151916023780156, -0.048696630933686064]","[2.211604219718966, 0.6535026862779012, -4.1016584993824894e-21, -0.2162470636259761, -0.653502686277902, -0.02429583334026093, 0.21624706362597593, -3.190845080277107e-17]"
-0.18100000000000002,18,True,False,,3.552713678800501e-15,9.622373561034811e-06,5.024302828110797e-15,0.08976034789260845,5.281214818270138e-16,-0.689609375,-0.5998490271073915,-0.6027111354357229,0.0028621083283313364,0.05061848945109664,1.953972432661855,False,False,True,"[5.339284901847086, -0.16503506200715523, -5.7792003328982275, 0.49601902972331574, -0.16503506200715556, 0.06308061535141221, 0.4960190297233157, -0.052753555655750455]","[2.2116042197189665, 0.686441121282565, -3.1029529919967285e-29, -0.23589682468166134, -0.6864411212825656, 0.02612884640139545, 0.23589682468166184, -5.2576499215126014e-17]"
-0.19100000000000003,19,True,False,,1.6653345369377348e-15,4.530763782806701e-06,1.6930901285524597e-14,0.09438683515935153,1.6243507140233282e-16,-0.689609375,-0.5952225398406484,-0.5984857027557609,0.0032631629151124164,0.054270397184842514,1.9914215869379168,False,False,True,"[5.339284901847089, -0.17455388227581123, -5.7792003328982275, 0.5095328624967536, -0.1745538822758108, 0.06750382056409049, 0.5095328624967529, -0.05683538450357456]","[2.211604219718965, 0.7191086347149437, -9.365230965397976e-21, -0.25542594828861975, -0.7191086347149422, -0.027960997989646186, 0.25542594828861886, 4.746657981364422e-17]"
-0.20100000000000004,20,True,False,,3.552713678800501e-15,7.704512497108334e-06,3.662056739158869e-14,0.09891689787575886,2.0898689956433444e-16,-0.689609375,-0.5906924771242411,-0.5943399134844854,0.0036474363602443383,0.03380418766779442,2.0275093233579304,False,False,True,"[5.339284901847085, -0.18416265722791691, -5.779200332898225, 0.5221414689404376, -0.1841626572279172, 0.07192284220002051, 0.5221414689404377, -0.060937429832600726]","[2.2116042197189643, 0.751518425639896, 7.449647823163877e-30, -0.27480440418014956, -0.7515184256398963, -0.029791416683668467, 0.2748044041801495, 3.67936203190356e-18]"
-0.21100000000000005,21,True,False,,3.552713678800501e-15,9.612716767062025e-06,3.662052905551e-14,0.10334944584677053,3.1674373801447173e-16,-0.689609375,-0.5862599291532294,-0.5902743969959319,0.004014467842702429,0.03359469915986973,2.0623492038510602,False,False,True,"[5.3392849018470905, -0.19386276333113786, -5.779200332898228, 0.5339175625449172, -0.19386276333113808, 0.07633625169965744, 0.5339175625449173, -0.06505589483640588]","[2.211604219718965, 0.783682252421366, -6.958788312898579e-30, -0.29401038839691757, -0.7836822524213661, -0.03161951075472434, 0.2940103883969172, 1.7341514724364456e-17]"
-0.22100000000000006,22,True,False,,3.552713678800501e-15,7.528490601806123e-06,3.552713424805359e-14,0.1076839513720218,3.1032571555968147e-17,-0.689609375,-0.5819254236279782,-0.5862895569145683,0.004364133286590133,0.06521347589443927,2.0960462552177113,False,False,True,"[5.339284901847089, -0.20365537937727957, -5.7792003328982275, 0.5449264641985608, -0.20365537937727932, 0.08074312008535939, 0.5449264641985608, -0.06918769126595853]","[2.211604219718965, 0.8156106458056029, -7.07110475680311e-30, -0.313028436833221, -0.8156106458056019, 0.033444895407675326, 0.31302843683322024, 1.329115416796966e-17]"
-0.23100000000000007,23,True,False,,5.329070518200751e-15,5.102911588577009e-06,5.3290712849756894e-14,0.1119203298340039,-4.677791493449859e-16,-0.689609375,-0.5776890451659961,-0.5823856022686482,0.004696557102652155,0.033208134245892626,2.128697410599301,False,False,True,"[5.33928490184709, -0.21354151615429984, -5.779200332898233, 0.5552268282149113, -0.2135415161543001, 0.08514288841078886, 0.5552268282149128, -0.07333029716926907]","[2.211604219718962, 0.8473130823005971, 4.442929423454801e-28, -0.3318479656924033, -0.8473130823005981, 0.03526733911936788, 0.3318479656924048, -7.823623880007014e-17]"
-0.24100000000000008,24,True,False,,8.326672684688674e-16,6.970475016352702e-06,8.16799102719808e-16,0.11605884374663922,-1.0665612916840805e-17,-0.689609375,-0.5735505312533608,-0.5785625750543021,0.005012043800941335,0.033029061243950775,2.160391877165363,False,False,True,"[5.339284901847084, -0.2235220406378296, -5.7792003328982275, 0.5648713439171965, -0.22352204063782935, 0.08953527188839296, 0.5648713439171973, -0.07748164549762968]","[2.211604219718962, 0.8787981266501024, -2.591653350404699e-29, -0.35046214327826686, -0.8787981266501026, 0.03708672392693488, 0.3504621432782669, 1.7582291548309194e-17]"
-0.25100000000000006,25,True,False,,1.7763568394002505e-15,4.7820170483389175e-06,1.7763564771936365e-14,0.12010002578499179,2.8851629101312743e-16,-0.689609375,-0.5695093492150082,-0.5748203745294714,0.005311025314463258,0.032858346464607724,2.1912117070980286,False,False,True,"[5.339284901847083, -0.23359769589127585, -5.779200332898226, 0.5739073889620054, -0.23359769589127605, 0.09392018867351569, 0.5739073889620054, -0.08164003650921837]","[2.211604219718961, 0.9100735499662126, 9.790630397144089e-30, -0.36886701761566404, -0.9100735499662128, 0.03890301592921004, 0.36886701761566354, 3.4860139660517703e-17]"
-0.26100000000000007,26,True,False,,1.0658141036401503e-14,6.62237363926969e-06,1.0658141789820782e-13,0.12404461710307624,9.623720392400204e-16,-0.689609375,-0.5655647578969237,-0.571158778553821,0.005594020656897292,0.07973950779564659,2.2212323786999884,False,False,True,"[5.3392849018470905, -0.2437691175694773, -5.7792003328982275, 0.5823776240320876, -0.2437691175694773, 0.09829770676337782, 0.5823776240320873, -0.08580406855208164]","[2.2116042197189705, 0.941146428484044, -1.0014654071545746e-27, -0.38706084115484274, -0.941146428484044, -0.04071624329156463, 0.3870608411548426, -2.8831021460732585e-19]"
-0.2710000000000001,27,True,False,,4.440892098500626e-15,8.298799288081841e-06,5.97461586376684e-15,0.12789351793449788,2.265332294325915e-16,-0.689609375,-0.5617158570655021,-0.5675774622785034,0.005861605213001275,0.032539252490399205,2.2505232503290054,False,False,True,"[5.339284901847094, -0.25403684770794294, -5.779200332898233, 0.5903205263685776, -0.254036847707943, 0.10266800426103753, 0.590320526368578, -0.08997258308696632]","[2.211604219718966, 0.9720232267383568, -5.096419094310201e-30, -0.4050435472543939, -0.9720232267383577, -0.04252647978670041, 0.4050435472543944, -2.8829186380745575e-17]"
-0.2810000000000001,28,True,False,,3.552713678800501e-15,5.284776434335518e-06,3.5527143887635925e-14,0.13164774805020862,7.740035913542151e-16,-0.689609375,-0.5579616269497913,-0.564076014471851,0.006114387522059617,0.08696983692463416,2.2791482045782785,False,False,True,"[5.339284901847086, -0.26440134632322887, -5.7792003328982275, 0.5977708639812594, -0.26440134632322854, 0.10703133954547231, 0.5977708639812591, -0.0941446207878614]","[2.2116042197189665, 1.0027098681039313, 4.7660197408489546e-27, -0.4228163436637703, -1.0027098681039295, 0.044333832438694376, 0.42281634366377047, -4.513483201149879e-17]"
-0.2910000000000001,29,True,False,,3.552713678800501e-15,4.792848567918439e-06,3.552713380169401e-14,0.135308415125045,3.226191764359024e-17,-0.689609375,-0.554300959874955,-0.560653951746024,0.006352991871068969,0.032246143457812286,2.3071661229302314,False,False,True,"[5.339284901847089, -0.27486300123369134, -5.779200332898224, 0.6047601146288755, -0.27486300123369134, 0.11138802881914255, 0.6047601146288749, -0.09831938630050627]","[2.211604219718965, 1.0332117950010322, 3.97056834426244e-29, -0.4403813963566382, -1.0332117950010322, 0.046138432222894064, 0.4403813963566372, 1.2406957843304963e-17]"
-0.3010000000000001,30,True,False,,3.552713678800501e-15,5.0335503847480936e-06,3.552713422545949e-14,0.13887668945231535,8.300462808147906e-17,-0.689609375,-0.5507326855476846,-0.5573107309271823,0.006578045379497688,0.09417939130094993,2.334631330387888,False,False,True,"[5.339284901847089, -0.28542213642229064, -5.779200332898224, 0.6113168346518897, -0.28542213642229086, 0.1157384291760134, 0.6113168346518892, -0.1024962198015842]","[2.211604219718965, 1.0635340205833845, -8.279991598810179e-30, -0.45774158329650105, -1.0635340205833852, -0.047940427052462695, 0.45774158329650083, -9.219411322942335e-18]"
-0.3110000000000001,31,True,False,,6.217248937900877e-15,6.038976529912154e-06,6.233095529330267e-14,0.14235378375779262,5.110944537242859e-17,-0.689609375,-0.5472555912422074,-0.5540457597889946,0.0067901685467872674,0.09777697012134869,2.361593932074339,False,False,True,"[5.339284901847092, -0.2960790191965528, -5.7792003328982275, 0.6174669829972171, -0.2960790191965524, 0.12008292581953615, 0.6174669829972169, -0.10667457392748371]","[2.211604219718967, 1.0936811733567167, -1.2506460439810985e-29, -0.474900302470893, -1.093681173356716, 0.04973997648389425, 0.4749003024708934, -6.786262143122704e-17]"
-0.3210000000000001,32,True,False,,5.329070518200751e-15,7.85178606235509e-06,5.329074272683797e-14,0.14574093711411995,2.1718817747698747e-16,-0.689609375,-0.54386843788588,-0.5508584063472248,0.006989968461344809,0.03184727693344144,2.3881004190446258,False,False,True,"[5.33928490184709, -0.3068338663496325, -5.7792003328982275, 0.6232342056235195, -0.3068338663496318, 0.12442192241399952, 0.6232342056235197, -0.11085399496498796]","[2.211604219718962, 1.1236575358910403, 6.092239865318572e-31, -0.4918613221533624, -1.123657535891039, 0.05153724772041153, 0.49186132215336253, -8.11434380379662e-18]"
-0.3310000000000001,33,True,False,,5.329070518200751e-15,6.855619577008957e-06,5.402573172408023e-14,0.14903940215605638,2.432443739682848e-16,-0.689609375,-0.5405699728439436,-0.5477480068921858,0.007178034048242243,0.1049591751281121,2.414193819028325,False,False,True,"[5.339284901847089, -0.31768684948680037, -5.7792003328982275, 0.6286400851142969, -0.31768684948680065, 0.12875583381133227, 0.6286400851142964, -0.1150341074424797]","[2.211604219718965, 1.1534670785682253, 5.187833349776034e-27, -0.5086286641136356, -1.153467078568226, -0.05333241259931, 0.5086286641136353, -1.232400011317467e-17]"
-0.34100000000000014,34,True,False,,1.5543122344752192e-15,6.540528717725336e-06,1.5943919032596273e-14,0.15225043495576518,1.1106746748642835e-16,-0.689609375,-0.5373589400442348,-0.5447138729162105,0.00735493287197575,0.03160442278366516,2.43991406497366,False,False,True,"[5.33928490184709, -0.32863809965065777, -5.779200332898233, 0.6337043598717836, -0.32863809965065777, 0.1330850805854466, 0.6337043598717843, -0.11921460144842708]","[2.211604219718962, 1.1831134891323605, -5.740815121899398e-30, -0.5252065126033885, -1.1831134891323605, -0.05512564532800818, 0.5252065126033897, -7.061768533146912e-17]"
-0.35100000000000015,35,True,False,,3.552713678800501e-15,4.53753455089286e-06,3.552716913898544e-14,0.1553752870439078,3.550474460249005e-16,-0.689609375,-0.5342340879560922,-0.5417552970754346,0.007521209119342398,0.11212621059536147,2.465298302741571,False,False,True,"[5.339284901847086, -0.3396877113539413, -5.779200332898224, 0.63844511678582, -0.3396877113539417, 0.13741008494651205, 0.63844511678582, -0.12339522214829199]","[2.2116042197189665, 1.2126001986726835, 5.4657915449196764e-30, -0.5415991435563013, -1.2126001986726844, 0.056917120791684345, 0.5415991435563005, 5.831352403013985e-17]"
-0.36100000000000015,36,True,False,,1.7763568394002505e-15,4.5308537073407215e-06,1.986028441270916e-14,0.15841519916322555,-3.0022712006242165e-16,-0.689609375,-0.5311941758367744,-0.5388715583087792,0.007677382472004779,0.11570485298636811,2.49038114113027,False,False,True,"[5.339284901847094, -0.3508357461094016, -5.779200332898233, 0.642878960806414, -0.3508357461094018, 0.14173126771167915, 0.6428789608064145, -0.12757576108231783]","[2.211604219718966, 1.2419304045592263, 2.2256729540616047e-29, -0.557810869676659, -1.2419304045592263, -0.058707013298509296, 0.5578108696766606, -1.3055207902747304e-16]"
-0.37100000000000016,37,True,False,,2.6645352591003757e-15,5.070541732179573e-06,2.6645362218568057e-14,0.1613713964217236,-3.07897176723953e-16,-0.689609375,-0.5282379785782764,-0.5360619262223482,0.007823947644071794,0.03126919477918215,2.515194911731167,False,False,True,"[5.3392849018470905, -0.3620822355307074, -5.77920033289823, 0.6470211644162159, -0.3620822355307069, 0.14604904608646704, 0.647021164416216, -0.13175604891286952]","[2.211604219718965, 1.2711070907630242, 1.119808644461099e-30, -0.5738459980410183, -1.271107090763023, -0.06049549566066785, 0.5738459980410185, 1.2901027703360373e-17]"
-0.38100000000000017,38,True,False,,3.1086244689504383e-15,4.23784743027103e-06,3.233018144340073e-14,0.16424508457691167,4.3502924587707836e-16,-0.689609375,-0.5253642904230883,-0.5333256648342867,0.007961374411198374,0.12285402789455133,2.5397697731691466,False,False,True,"[5.339284901847089, -0.37342718406582986, -5.7792003328982275, 0.6508857996081336, -0.3734271840658296, 0.15036383206930853, 0.6508857996081332, -0.13593594935712644]","[2.211604219718965, 1.3001330459216784, -8.802798997854067e-20, -0.5897087975705945, -1.3001330459216787, 0.06228273853349814, 0.5897087975705937, 3.932631137002579e-17]"
-0.3910000000000002,39,True,False,,2.6645352591003757e-15,8.271222601676949e-06,2.9790409578494987e-15,0.1670374472341276,2.406929293655687e-16,-0.689609375,-0.5225719277658724,-0.5306620357634011,0.00809010799752874,0.031062523778198067,2.564134072734823,False,False,True,"[5.339284901847092, -0.3848705714142649, -5.7792003328982275, 0.6544858546262671, -0.38487057141426456, 0.15467603133562496, 0.6544858546262667, -0.14011535409340836]","[2.211604219718967, 1.329010879453036, 3.8839515322290884e-29, -0.605403474299797, -1.329010879453035, 0.06406890995326184, 0.6054034742997977, -7.92706309277718e-17]"
-0.4010000000000002,40,True,False,,4.440892098500626e-15,5.747907459888341e-06,5.420803056985981e-15,0.16974964378321167,2.783450103868278e-16,-0.689609375,-0.5198597312167883,-0.5280703009344627,0.00821056971767442,0.12999455452889064,2.5883143341728547,False,False,True,"[5.339284901847084, -0.3964123546711868, -5.779200332898224, 0.6578333374237942, -0.39641235467118635, 0.1589860424910843, 0.6578333374237941, -0.14429417847070242]","[2.211604219718962, 1.3577430359724398, 1.767353649072653e-26, -0.6209341528072295, -1.3577430359724394, -0.06585417502783202, 0.6209341528072301, -1.140464507808873e-16]"
-0.4110000000000002,41,True,False,,3.1086244689504383e-15,4.262766270710632e-06,3.233018087966935e-14,0.17238280793106453,7.119554424954493e-16,-0.689609375,-0.5172265670689354,-0.5255497248639363,0.008323157795000813,0.030867623645696934,2.61233546361868,False,False,True,"[5.339284901847089, -0.40805247023488767, -5.7792003328982275, 0.6609393675264591, -0.4080524702348867, 0.16329425660895966, 0.6609393675264589, -0.1484723578835437]","[2.211604219718965, 1.386331808230025, 6.170978044509629e-29, -0.6363048625192741, -1.3863318082300224, -0.06763869574506354, 0.6363048625192737, -2.2890436786358938e-17]"
-0.4210000000000002,42,True,False,,3.552713678800501e-15,5.898091366079569e-06,5.024293857993121e-15,0.17493804671435753,-3.748083348612764e-16,-0.689609375,-0.5146713282856424,-0.5230995765817977,0.008428248296155294,0.13712897499582966,2.6362209907714163,False,False,True,"[5.3392849018470825, -0.4197908355082968, -5.779200332898224, 0.6638142577609593, -0.4197908355082968, 0.16760105698584482, 0.6638142577609593, -0.15264984470028456]","[2.211604219718963, 1.414779348752312, -6.324196958427766e-27, -0.6515195278652196, -1.414779348752312, 0.06942263087160297, 0.6515195278652192, -7.067908609545535e-17]"
-0.4310000000000002,43,True,False,,4.440892098500626e-15,1.0372397047069529e-05,5.420810655087879e-15,0.1774164398983057,8.588185211542355e-16,-0.689609375,-0.5121929351016943,-0.5207191312379835,0.008526196136289244,0.14069466811754236,2.659993080592656,False,False,True,"[5.339284901847089, -0.43162735042075945, -5.779200332898224, 0.666467587109717, -0.4316273504207582, 0.17190681906480137, 0.6664675871097168, -0.15682660565340786]","[2.211604219718965, 1.443087680345586, -4.4361210515416644e-26, -0.6665819614738621, -1.4430876803455843, -0.07120613592105864, 0.6665819614738616, 7.193125604824744e-17]"
-0.4410000000000002,44,True,False,,5.329070518200751e-15,6.976534392962478e-06,5.3290699254513734e-14,0.17981903968483914,-4.599243337812805e-17,-0.689609375,-0.5097903353151608,-0.5184076714358259,0.008617336120665064,0.1442597510456465,2.6836726377575046,False,False,True,"[5.339284901847092, -0.4435618987924213, -5.779200332898233, 0.6689082657833015, -0.44356189879242164, 0.17621191048641222, 0.6689082657833012, -0.16100261961706838]","[2.211604219718967, 1.4712587055961628, 2.2885156366166047e-30, -0.6814958597675627, -1.471258705596164, 0.07298936317514576, 0.6814958597675628, -2.95592794353466e-17]"
-0.45100000000000023,45,True,False,,3.552713678800501e-15,8.063763932626256e-06,3.5527160625030476e-14,0.1821468706677405,1.5447574942600437e-16,-0.689609375,-0.5074625043322595,-0.5161644883293386,0.00870198399707911,0.14782451772651384,2.707279576963665,False,False,True,"[5.339284901847089, -0.4555943495604268, -5.779200332898224, 0.6711445934555067, -0.45559434956042616, 0.18051669123707514, 0.6711445934555058, -0.16517787571034603]","[2.211604219718965, 1.499294215484015, -1.9965163453004985e-30, -0.6962648004408736, -1.4992942154840143, -0.07477246174511273, 0.6962648004408757, -2.1872922070695616e-16]"
-0.46100000000000024,46,True,False,,1.7763568394002505e-15,5.317040786423467e-06,1.986028079557995e-14,0.18440092998377844,4.442838421623822e-16,-0.689609375,-0.5052084450162215,-0.5139888825164823,0.008780437500260807,0.030424427638177886,2.730832685812272,False,False,True,"[5.3392849018470825, -0.46772455788334893, -5.779200332898224, 0.6731843114804096, -0.46772455788334893, 0.18482151387066922, 0.6731843114804091, -0.16935237167542558]","[2.211604219718963, 1.527195897210269, -8.897749228502416e-29, -0.71089224141469, -1.527195897210269, -0.07655557766355821, 0.7108922414146894, 3.7252962116751575e-17]"
-0.47100000000000025,47,True,False,,9.769962616701378e-15,9.48782581551268e-06,1.0252603091653672e-14,0.18658218761829248,-3.2598561206631307e-16,-0.689609375,-0.5030271873817075,-0.5118801647563644,0.008852977374656956,0.030342401375076367,2.754349775630549,False,False,True,"[5.33928490184709, -0.4799523661381271, -5.7792003328982275, 0.6750346498028212, -0.4799523661381261, 0.18912672378508819, 0.6750346498028217, -0.17352611248864755]","[2.211604219718962, 1.5549653413258904, 2.149544963086027e-29, -0.7253815209392581, -1.554965341325889, -0.07833885399897395, 0.7253815209392565, 1.6022082138291682e-16]"
-0.48100000000000026,48,True,False,,3.552713678800501e-15,7.51762675717934e-06,3.97205243854946e-15,0.18869158683124632,-4.434669428177814e-16,-0.689609375,-0.5009177881687537,-0.5098376565346913,0.008919868365937611,0.15851977770027256,2.777847992465466,False,False,True,"[5.339284901847092, -0.4922776048217899, -5.7792003328982275, 0.6767023691807488, -0.4922776048217899, 0.19343265953925995, 0.6767023691807489, -0.17769910916946932]","[2.211604219718967, 1.5826040482374681, 1.782516240339096e-26, -0.7397358585851123, -1.5826040482374681, 0.08012243098705905, 0.7397358585851127, -6.060112729559037e-17]"
-0.49100000000000027,49,True,False,,5.329070518200751e-15,9.55579022685702e-06,5.329078022057576e-14,0.19073004467613486,7.027090322760624e-16,-0.689609375,-0.4988793303238651,-0.5078606904986444,0.00898136017477924,0.16208611053550942,2.801343405269834,False,False,True,"[5.339284901847098, -0.5047000933686827, -5.779200332898233, 0.6781937992587175, -0.5047000933686835, 0.1977396531995451, 0.6781937992587177, -0.1818713777581842]","[2.2116042197189674, 1.6101134341563563, -3.37750388273228e-26, -0.7539583569132651, -1.6101134341563572, -0.08190644617420391, 0.7539583569132664, -1.066128947728331e-16]"
-0.5010000000000002,50,True,False,,1.7763568394002505e-15,7.030825786324503e-06,2.0947644207857846e-14,0.19269845258908247,3.8885165015138014e-16,-0.689609375,-0.4969109224109175,-0.5059486107795644,0.009037688368646934,0.16565351715383428,2.824851679903941,False,False,True,"[5.339284901847092, -0.5172196408924953, -5.7792003328982275, 0.6795148729621034, -0.5172196408924953, 0.20204803070692776, 0.6795148729621034, -0.18604293843801914]","[2.211604219718967, 1.637494836549203, -3.6965773958879776e-26, -0.7680520036579388, -1.637494836549203, 0.08369103456958506, 0.768052003657939, -1.4807125889598382e-17]"
-0.5110000000000002,51,True,False,,1.1546319456101628e-14,1.0407526920308996e-05,1.1580424567146407e-13,0.19459767702977482,2.0259089718351166e-16,-0.689609375,-0.49501169797022515,-0.5041007732194427,0.009089075249217538,0.03003317203921372,2.848387605200024,False,False,True,"[5.339284901847086, -0.5298360468612332, -5.779200332898224, 0.6806711576233855, -0.5298360468612353, 0.20635811225844714, 0.6806711576233859, -0.19021381478116456]","[2.2116042197189665, 1.6647495191408013, -8.848522022575291e-29, -0.7820196742886328, -1.6647495191408046, 0.08547632880315813, 0.7820196742886317, 9.428638089637723e-17]"
-0.5210000000000002,52,True,False,,3.1086244689504383e-15,4.070198470322077e-06,3.526596769728291e-15,0.19642856015927423,7.090861423332428e-16,-0.689609375,-0.49318081484072573,-0.5023165455151111,0.009135730674385334,0.029960189308954235,2.8719654142508597,False,False,True,"[5.339284901847089, -0.5425491017122522, -5.7792003328982275, 0.6816678832001102, -0.5425491017122499, 0.21067021269785355, 0.6816678832001124, -0.19438403310152763]","[2.211604219718965, 1.6918786765140659, 7.646297114028915e-28, -0.7958641348453184, -1.6918786765140625, 0.08726245928747545, 0.7958641348453201, 9.065496162822301e-17]"
-0.5310000000000002,53,True,False,,1.5543122344752192e-15,7.324658634787061e-06,1.910099724900052e-15,0.19819192054250867,-5.69578687111299e-17,-0.689609375,-0.4914174544574913,-0.5005953072921927,0.009177852834701405,0.029888795318179572,2.895598832997755,False,False,True,"[5.339284901847089, -0.5553585874136097, -5.7792003328982275, 0.6825099679001777, -0.5553585874136114, 0.21498464191175773, 0.682509967900177, -0.19855362189972248]","[2.211604219718965, 1.7188834383467178, 9.92877584873088e-30, -0.8095880449621599, -1.7188834383467217, 0.08904955438177349, 0.8095880449621611, -7.637098194301854e-17]"
-0.5410000000000003,54,True,False,,3.774758283725532e-15,7.773201333945475e-06,3.587240262549805e-15,0.19988855386566073,5.084704297932901e-16,-0.689609375,-0.48972082113433923,-0.4989364501193061,0.009215628984966862,0.02981892679382392,2.919301027205015,False,False,True,"[5.3392849018470825, -0.5682642779772681, -5.779200332898224, 0.6832020414917208, -0.5682642779772668, 0.21930170522848216, 0.6832020414917244, -0.2027226113880298]","[2.211604219718965, 1.7457648733197717, -1.667443162636989e-27, -0.8231939610126172, -1.7457648733197684, 0.09083774055718394, 0.8231939610126211, 1.5706753260340158e-16]"
-0.5510000000000003,55,True,False,,5.329070518200751e-15,7.294828481161927e-06,5.402583074633865e-14,0.20151923366049862,-1.4070018429731748e-16,-0.689609375,-0.48809014133950135,-0.49733937747159973,0.009249236132098382,0.18351573699777,2.9430846742452554,False,False,True,"[5.339284901847094, -0.5812659399289527, -5.7792003328982275, 0.6837484665417718, -0.5812659399289534, 0.22362170381762983, 0.6837484665417722, -0.2068910330849613]","[2.211604219718966, 1.7725239927287053, -1.8416043495371092e-29, -0.8366843393228888, -1.7725239927287073, -0.09262714256224153, 0.8366843393228887, -6.004988211600926e-17]"
-0.5610000000000003,56,True,False,,5.773159728050814e-15,8.218180514399674e-06,5.841088906501165e-14,0.20308471202929002,1.155811504674971e-15,-0.689609375,-0.48652466297070995,-0.49580350465151374,0.009278841680803784,0.02968353103403948,2.9669620671136516,False,False,True,"[5.339284901847085, -0.5943633327390117, -5.779200332898224, 0.6841533577988713, -0.5943633327390125, 0.2279449350889754, 0.6841533577988704, -0.21105891947061645]","[2.211604219718968, 1.799161753825085, -3.2609674979912864e-29, -0.850061539411884, -1.7991617538250868, -0.09441788358810858, 0.8500615394118839, 4.2434318503089216e-17]"
-0.5710000000000003,57,True,False,,1.7763568394002505e-15,5.535755169733893e-06,1.98602715111046e-14,0.20458572036523714,-7.683021057955369e-17,-0.689609375,-0.4850236546347628,-0.49432825867359925,0.009304604038836428,0.0296178944401011,2.990945100902396,False,False,True,"[5.339284901847094, -0.6075562092180672, -5.779200332898233, 0.6844205999099257, -0.6075562092180682, 0.23227169308978735, 0.6844205999099258, -0.21522630369537227]","[2.211604219718966, 1.825679062913176, -6.806133134208978e-28, -0.8633278272252015, -1.8256790629131776, -0.09621008543315085, 0.8633278272252002, 5.322566806807794e-18]"
-0.5810000000000003,58,True,False,,8.881784197001252e-15,4.029924455362925e-06,9.155134455043647e-14,0.20602297006442039,-3.190138435576037e-16,-0.689609375,-0.4835864049355796,-0.4929130781193146,0.009326673183735035,0.19426222961225964,3.015045376656148,False,False,True,"[5.339284901847098, -0.6208443158808321, -5.779200332898233, 0.6845538636394889, -0.6208443158808319, 0.2366022689000473, 0.6845538636394888, -0.2193932193355199]","[2.2116042197189674, 1.8520767782234475, 2.1688167504308855e-26, -0.8764853783378345, -1.8520767782234477, 0.09800386866664568, 0.876485378337835, -1.1100918916487926e-16]"
-0.5910000000000003,59,True,False,,1.7763568394002505e-15,8.25904753933022e-06,1.9860249445401825e-14,0.20739715322611108,1.6834374360058758e-16,-0.689609375,-0.4822122217738889,-0.49155741296692096,0.009345191193032065,0.029490492565597468,3.039273934119275,False,False,True,"[5.339284901847092, -0.63422739328111, -5.7792003328982275, 0.6845566207407069, -0.63422739328111, 0.240936951025374, 0.6845566207407077, -0.2235597001904595]","[2.211604219718967, 1.8783557125827348, 1.0556567834622046e-28, -0.889536281106408, -1.8783557125827348, 0.09979935279153204, 0.8895362811064091, -5.012006025563659e-17]"
-0.6010000000000003,60,True,False,,1.887379141862766e-15,3.683883233444913e-06,2.310224999800209e-15,0.2087089433390521,6.579901097035451e-17,-0.689609375,-0.48090043166094787,-0.4902607244009079,0.00936029273996003,0.029428634769558194,3.0636418274556325,False,False,True,"[5.339284901847089, -0.6477051763206835, -5.7792003328982275, 0.6844321576103555, -0.6477051763206836, 0.2452760257876563, 0.6844321576103553, -0.22772578011681707]","[2.211604219718965, 1.9045166358985934, 3.0130228301586292e-28, -0.9024825397564723, -1.9045166358985932, 0.1015966564062202, 0.9024825397564716, 4.477454396815101e-17]"
-0.6110000000000003,61,True,False,,3.1086244689504383e-15,6.644606889402067e-06,3.233021448929265e-14,0.20995899595186884,-5.429221767993477e-17,-0.689609375,-0.4796503790481311,-0.48902248460476067,0.00937210555662954,0.20503857023170605,3.088159638281677,False,False,True,"[5.339284901847089, -0.6612773945344377, -5.779200332898229, 0.6841835878457848, -0.661277394534439, 0.24961977771362265, 0.6841835878457851, -0.23189149289557417]","[2.211604219718965, 1.9305602774736568, -3.491115115769543e-20, -0.9153260773942652, -1.9305602774736608, -0.1033958973655398, 0.9153260773942645, 6.807232056715017e-17]"
-0.6210000000000003,62,True,False,,5.329070518200751e-15,4.857195234193291e-06,5.402579612757109e-14,0.21114794932626368,-8.026239426607571e-17,-0.689609375,-0.4784614256737363,-0.48784217654037487,0.009380750866638587,0.02930839197601418,3.1128377856551044,False,False,True,"[5.339284901847094, -0.6749437723539112, -5.7792003328982275, 0.6838138638087137, -0.6749437723539108, 0.2539684899217176, 0.6838138638087143, -0.2360568721288461]","[2.211604219718966, 1.9564873281642983, 9.013638643297123e-29, -0.9280687389355281, -1.9564873281642987, -0.10519719294099021, 0.9280687389355283, -3.29117005920242e-18]"
-0.6310000000000003,63,True,False,,3.552713678800501e-15,6.619664140094734e-06,3.972048965725359e-14,0.2122764250720719,6.353914462166807e-16,-0.689609375,-0.4773329499279281,-0.4867192937169405,0.00938634378901243,0.21224251625209564,3.1376864639042883,False,False,True,"[5.339284901847089, -0.6887040293511965, -5.7792003328982275, 0.6833257872894993, -0.688704029351195, 0.2583224445077576, 0.6833257872894997, -0.24022195116347378]","[2.211604219718965, 1.9822984423963899, 3.9039907051274876e-30, -0.9407122939463887, -1.9822984423963863, 0.10700065998048441, 0.9407122939463887, 5.241625276640938e-18]"
-0.6410000000000003,64,True,False,,5.329070518200751e-15,1.0041093396561992e-05,5.329068170641921e-14,0.21334502876353412,-9.767784753250465e-17,-0.689609375,-0.47626434623646585,-0.4856533399517329,0.009388993715267024,0.029192519722049084,3.1627156173643978,False,False,True,"[5.339284901847086, -0.7025578804648748, -5.779200332898224, 0.6827220193555568, -0.7025578804648748, 0.26268192292996057, 0.682722019355558, -0.24438676303900853]","[2.2116042197189665, 2.0079942400497424, 5.968212615787564e-29, -0.9532584393933302, -2.0079942400497424, 0.10880641506783381, 0.9532584393933292, 1.990294544477588e-16]"
-0.6510000000000004,65,True,False,,4.440892098500626e-15,5.61427766769167e-06,4.782991554816105e-15,0.21435435053642937,7.732854577507722e-16,-0.689609375,-0.4752550244635706,-0.4846438291248901,0.009388804661319528,0.21946440814543333,3.187935037142857,False,False,True,"[5.339284901847086, -0.7165050362096098, -5.779200332898224, 0.6820050894588039, -0.7165050362096098, 0.26704720639400564, 0.6820050894588034, -0.24855134045804245]","[2.2116042197189665, 2.033575308221775, 7.850896474182317e-20, -0.9657088023009343, -2.033575308221775, -0.11061457468224428, 0.9657088023009336, 6.57370691743972e-17]"
-0.6610000000000004,66,True,False,,4.440892098500626e-15,8.085979662287529e-06,5.9746042324494775e-15,0.21530496566594248,2.6780066044630803e-16,-0.689609375,-0.4743044093340575,-0.4836902849299564,0.00938587559589893,0.029080732511316855,3.2133544533040985,False,False,True,"[5.33928490184709, -0.7305452028707293, -5.7792003328982275, 0.6811774038692375, -0.7305452028707293, 0.2714185762388376, 0.6811774038692369, -0.25271571577715995]","[2.211604219718962, 2.0590422028797963, 2.5566171733666095e-29, -0.9780649423172362, -2.0590422028797963, -0.11242525535812213, 0.9780649423172373, -1.5851940445770464e-16]"
-0.6710000000000004,67,True,False,,8.881784197001252e-15,8.551620394356125e-06,8.881784263446966e-14,0.21619743512526823,-4.1232439766631343e-16,-0.689609375,-0.47341193987473174,-0.4827922406216975,0.009380300746965775,0.02902628898442688,3.2389833583573098,False,False,True,"[5.339284901847084, -0.7446780826851049, -5.779200332898224, 0.680241253494873, -0.7446780826851052, 0.2757963143239812, 0.6802412534948731, -0.25687992101705664]","[2.211604219718962, 2.084395450410633, 1.85744737605196e-29, -0.9903283541876255, -2.0843954504106326, -0.11423857384550591, 0.9903283541876261, -1.7541379321005368e-16]"
-0.6810000000000004,68,True,False,,5.329070518200751e-15,5.283364456952498e-06,5.68711493473221e-14,0.21703230612511304,6.580204892712624e-16,-0.689609375,-0.47257706887488693,-0.48194923876246737,0.00937216988758044,0.23033495297103362,3.2648310994132648,False,False,True,"[5.339284901847097, -0.7589033740094749, -5.779200332898238, 0.679198821142188, -0.7589033740094749, 0.28018070341919554, 0.6791988211421879, -0.26104398789063327]","[2.2116042197189705, 2.1096355490753975, -9.032420911481254e-20, -1.002500470138927, -2.1096355490753975, 0.11605464727146497, 1.002500470138927, -3.006633410577123e-16]"
-0.6910000000000004,69,True,False,,6.661338147750939e-16,7.079518717793001e-06,6.038013241004679e-15,0.2178101126344144,3.146246088133224e-16,-0.689609375,-0.47179926236558556,-0.4811608309682071,0.00936156860262155,0.02892015165057743,3.2909070545218384,False,False,True,"[5.339284901847084, -0.7732207714772106, -5.7792003328982275, 0.6780521882657508, -0.7732207714772115, 0.28457202759728295, 0.6780521882657503, -0.2652079478480482]","[2.211604219718962, 2.1347629703765003, -2.292352089310814e-29, -1.0145826621759584, -2.134762970376503, 0.11787359330280538, 1.0145826621759582, -7.005160309349911e-17]"
-0.7010000000000004,70,True,False,,6.217248937900877e-15,1.0357776373667526e-05,6.80866179305777e-15,0.21853137588256044,-6.332643162670482e-16,-0.689609375,-0.4710779991174395,-0.4804265776549615,0.009348578537521968,0.23760983921712744,3.3172205117492064,False,False,True,"[5.339284901847092, -0.7876299661444901, -5.7792003328982275, 0.6768033412509705, -0.7876299661444927, 0.28897057263095693, 0.6768033412509705, -0.26937183213794313]","[2.211604219718967, 2.1597781603434383, 2.600639394027464e-19, -1.0265762442932582, -2.159778160343445, -0.11969553031046198, 1.0265762442932596, 1.4296082365193622e-16]"
-0.7110000000000004,71,True,False,,3.552713678800501e-15,7.641922881579444e-06,3.972054743916572e-15,0.21919660484358672,-4.3589458102519223e-16,-0.689609375,-0.47041277015641325,-0.4797460477866697,0.009333277630256431,0.24125634498253026,3.343780446240833,False,False,True,"[5.339284901847094, -0.8021306456267405, -5.779200332898233, 0.6754541772695318, -0.8021306456267405, 0.2933766263946479, 0.6754541772695319, -0.27353567188417743]","[2.211604219718966, 2.184681540743293, 9.68873725262998e-28, -1.0384824746050683, -2.184681540743293, 0.12152057753592778, 1.0384824746050703, -1.3484448651713001e-16]"
-0.7210000000000004,72,True,False,,3.552713678800501e-15,6.348317863928846e-06,4.076196562790392e-15,0.21980629670283025,6.572299486933267e-16,-0.689609375,-0.4698030782971697,-0.4791188186248297,0.009315740327659972,0.028767408575384817,3.370596203859404,False,False,True,"[5.339284901847094, -0.8167224942260605, -5.779200332898233, 0.6740065097432986, -0.8167224942260605, 0.2977904792721845, 0.6740065097432988, -0.27769949817758643]","[2.211604219718966, 2.2094735102212844, 2.287858903737375e-29, -1.0503025573968598, -2.2094735102212844, 0.12334885526012283, 1.050302557396861, -2.848547194099346e-17]"
-0.7310000000000004,73,True,False,,6.217248937900877e-15,6.273126298269422e-06,6.60185985844055e-14,0.22036093730648998,5.829062824635895e-16,-0.689609375,-0.46924843769351,-0.478544475480528,0.009296037787017986,0.24856867573766797,3.3976766746046128,False,False,True,"[5.339284901847089, -0.8314051930504375, -5.779200332898224, 0.6724620734490291, -0.8314051930504357, 0.3022124245713011, 0.6724620734490313, -0.28186334218237963]","[2.211604219718965, 2.234154445376524, 1.1254514721164884e-19, -1.062037645101885, -2.23415444537652, -0.1251804849750887, 1.062037645101887, 8.143525237145163e-17]"
-0.7410000000000004,74,True,False,,6.217248937900877e-15,5.4739852341695235e-06,6.601857516429764e-14,0.22086100159469635,3.645765316144941e-16,-0.689609375,-0.4687483734053036,-0.4780226114692212,0.009274238063917584,0.028669596052340388,3.425031104626154,False,False,True,"[5.3392849018470825, -0.8461784201252806, -5.779200332898224, 0.6708225292931662, -0.8461784201252801, 0.3066427589459297, 0.6708225292931669, -0.2860272352569288]","[2.211604219718963, 2.258724701777287, -9.785916665380097e-29, -1.0736888402063567, -2.2587247017772873, -0.1270155895589077, 1.0736888402063587, -1.2424304121114965e-16]"
-0.75,75,True,False,,5.329070518200751e-15,6.54128097682245e-06,5.3290714658693886e-14,0.2212647807834719,3.1956764062667053e-16,-0.689609375,-0.4683445942165281,-0.4775974733254469,0.00925287910891881,0.25571705104609505,3.449891676623333,False,False,True,"[5.339284901847089, -0.8595514576333453, -5.7792003328982275, 0.6692669390778049, -0.8595514576333453, 0.3106374807639477, 0.6692669390778051, -0.28977480715927223]","[2.211604219718965, 2.2807435798907534, 2.9827853880392915e-26, -1.0841040600344494, -2.2807435798907534, 0.12867025751383862, 1.0841040600344503, -2.0661630645570151e-16]"
