saddle_id,beta,gamma,certified,box_radius,residual,jacobian_cond,re_phi,im_phi,det_hessian_re_phi,nearest_action_gap,matches_lambda_abs,matches_lambda_local,is_bm24_seed_saddle,z_real,z_imag,krawczyk_contraction,proof
0,0.5433996420760803,0.7487887432117251,True,1e-06,1.0190778508706368e-13,19.019269331537313,-0.2080123143118695,-1.4888848540807512e-14,7.647212969806156e-56,0.001119577891043777,False,False,False,"[5.33928490184709, -0.857747413245901, -5.779200332898238, -0.515920586617344, -0.8577474132459035, 0.46491592012134236, -0.5159205866176215, -0.12093174355717795]","[2.211604219718962, -2.277785385739266, -1.0507610191918333e-26, -0.3497943988666347, 2.2777853857392696, 0.19257447947709633, 0.34979439886668673, 7.393402719447843e-14]",4.54413782175204e-05,{}
1,0.5433996420760803,0.7487887432117251,True,1e-06,1.0785643590255096e-14,34.64144899244892,-0.6015337671824066,-0.14681180167841212,5.540539106092432e-53,0.020116553498532364,False,False,False,"[5.339284901847097, -0.8577474132459051, -5.7792003328982275, -1.4794328304284954, -0.8577474132459035, -0.4783616227034133, 1.3322679902193924, -0.01721961650344138]","[2.2116042197189705, -2.2777853857392683, -6.442770783347097e-16, 0.42673239955266196, 2.2777853857392696, 0.6100241420709357, -2.835024673975571, -0.9342376099687024]",6.915510691868572e-05,{}
2,0.5433996420760803,0.7487887432117251,True,1e-06,9.154502476927197e-15,5.76808264641168,-0.22378984579740402,0.6692475764781154,1.046530176580893e-57,0.009781168247925742,False,False,False,"[5.339284901847086, -0.857747413245902, -5.779200332898224, 1.0319099440636508, -0.8577474132459024, -0.2289144521873446, -0.43301985564499534, 0.33493874737821033]","[2.2116042197189665, -2.277785385739267, 5.143554724755688e-16, 3.0799355489173017, 2.277785385739267, -0.21997591591303212, 0.46800554202613837, 0.15463495228626184]",1.1424728421570758e-05,{}
3,0.5433996420760803,0.7487887432117251,True,1e-06,9.010046363000523e-15,5.768082931604922,-0.22378984579740302,-0.6692475764781145,-9.948290157581509e-58,0.009781168247924743,False,False,False,"[5.339284901847084, -0.8577474132459026, -5.779200332898219, -0.43301985564499546, -0.8577474132459019, -0.31741342329310096, 1.03190994406365, 0.33493874737820956]","[2.211604219718962, -2.2777853857392647, 8.510874745196215e-16, -0.46800554202613803, 2.2777853857392656, -0.006320499613448636, -3.0799355489173013, -0.15463495228626112]",1.2148481537883684e-05,{}
4,0.5433996420760803,0.7487887432117251,True,1e-06,1.4546887564889487e-14,26.900875350845475,-0.20913189220291328,-5.447969831316258e-16,3.33422819404402e-56,0.001119577891043777,False,False,False,"[5.33928490184708, -0.8577474132459023, -5.779200332898224, -0.595978319968895, -0.8577474132459012, 0.8967840300231831, -0.5959783199689013, -0.19870565196920792]","[2.2116042197189594, -2.277785385739265, 4.1792846375491274e-20, -0.15573098566069105, 2.277785385739263, 0.37146010775519706, 0.15573098566069243, 1.2739638774768095e-15]",8.539459343255982e-05,{}
5,0.5433996420760803,0.7487887432117251,True,1e-06,1.1188316253696675e-13,170.4623941701905,-2.3388986765640096,0.6194036644118646,-3.4739247452804e-52,0.06100055249755565,False,False,False,"[5.33928490184709, -0.8577474132459019, -5.779200332898224, -3.697287764571386, -0.857747413245901, 3.1561449022794448, 3.1029498152990618, -1.7314883506780427]","[2.211604219718962, -2.2777853857392656, 3.2359746483731333e-15, 4.088708789164002, 2.277785385739266, 0.9469922192613132, -2.6997190720607325, -1.554636463386521]",0.00029021976993313096,{}
6,0.5433996420760803,0.7487887432117251,True,1e-06,3.49752958750342e-13,26.206798686046433,-0.27334882722920084,6.3849770831343635,1.7104219985075526e-52,0.04955898143179682,False,True,False,"[5.3392849018470825, -0.8577474132459026, -5.7792003328982275, -0.3196308186826353, -0.8577474132459015, -0.6824557236220559, -1.3161129484364447, 0.41666959223496564]","[2.211604219718963, -2.2777853857392647, 2.325017383361906e-15, -0.3975795497071874, 2.277785385739266, 0.24114505429113636, -8.778123694822016, -0.7071703582420279]",2.4351511857541108e-05,{}
7,0.5433996420760803,0.7487887432117251,True,1e-06,3.026656118867652e-14,43.41028093831399,-2.7646422060215627,5.394820563262912,-4.43949341271162e-46,0.08810904941841535,False,False,False,"[5.33928490184709, -0.8577474132459015, -5.779200332898233, -1.9429848337322455, -0.8577474132459029, 0.1148458428824066, -2.1463756010509814, -0.06803450206246504]","[2.2116042197189625, -2.277785385739268, 1.0565431755483952e-15, 0.23712465873416796, 2.277785385739266, -0.12179671319616314, -2.8527716615589744, -0.14203158422013204]",0.00010465853787025467,{}
8,0.5433996420760803,0.7487887432117251,True,1e-06,5.564421850464315e-15,35.17557069930845,-2.3998992290615653,4.80766245607024,1.240835442278399e-51,0.017530276508714415,False,False,False,"[5.339284901847092, -0.8577474132459053, -5.779200332898233, -0.5421278352019189, -0.8577474132459053, -0.009559160784496442, -1.9289063990801576, 0.045407019509215975]","[2.211604219718967, -2.277785385739272, -1.9092748119727008e-15, -0.4205403846470714, 2.277785385739268, 0.003624268676938059, -2.6602171012628055, -0.26471739502265446]",3.5800698863538894e-05,{}
9,0.5433996420760803,0.7487887432117251,True,1e-06,2.63889154835249e-14,14.962364255823095,-0.6568586084973966,-0.5238700350640325,-3.4504803986730795e-53,0.05532484131498938,False,False,False,"[5.3392849018470825, -0.8577474132459008, -5.779200332898219, -0.37675649891841884, -0.8577474132459023, -0.3448263916060322, -1.499582206158069, -0.02987083380582937]","[2.211604219718963, -2.277785385739261, 3.008976153455237e-16, -0.7648991233431068, 2.277785385739265, -0.07822209241202341, -0.11466905336874159, -0.05360167519571366]",5.1721764349961344e-05,{}
10,0.5433996420760803,0.7487887432117251,True,1e-06,1.3994065060035312e-13,34.59709902803551,-1.877523374794196,-1.1287313439126807,-3.040030708863605e-51,0.1556264011426911,False,False,False,"[5.339284901847086, -0.8577474132459024, -5.779200332898224, -0.21191990014566472, -0.8577474132459024, -0.07043348733731207, -2.2437654963410374, -0.08273612029531092]","[2.2116042197189665, -2.277785385739267, 1.449622108587317e-17, -0.9022706313845731, 2.277785385739267, -0.35951844140623845, -0.4783112377842333, -0.007907361324574121]",5.9190797521796244e-05,{}
11,0.5433996420760803,0.7487887432117251,True,1e-06,6.394226645925983e-13,11.429001512577823,-0.38312370605068713,-0.9300063762985806,3.1410351048784137e-52,0.030485689224662327,False,False,False,"[5.339284901847096, -0.8577474132459029, -5.779200332898238, -1.7228300122353535, -0.8577474132459029, 0.6571976331271308, -1.2903399066702088, 0.6276001945645376]","[2.2116042197189647, -2.2777853857392705, 1.489327888863222e-15, 0.6971058370134725, 2.27778538573927, -0.7507603254190793, -2.500841798939617, -0.1664497174759523]",2.5403146018534938e-05,{}
12,0.5433996420760803,0.7487887432117251,True,1e-06,4.131760281895412e-14,97.60678662237966,-0.21187552496625228,2.012418948907886,1.9086726421347536e-53,0.0004555651301827446,False,False,False,"[5.339284901847081, -0.8577474132459018, -5.7792003328982195, -3.4581268407096943, -0.8577474132459014, 3.477663135822256, 0.8043669255090267, -0.8189466514119849]","[2.211604219718959, -2.2777853857392674, 1.4144389967788312e-16, 1.811951356275425, 2.277785385739263, 3.1319459036620034, 0.7529228706034693, -1.3054649449323374]",0.0001906664452077714,{}
13,0.5433996420760803,0.7487887432117251,True,1e-06,8.881784197001252e-15,30.48906563183038,-0.21400867754947828,1.0902341849739838e-15,-1.0325473866218674e-56,0.0021331525832259945,False,False,False,"[5.339284901847089, -0.8577474132459041, -5.779200332898233, 0.16172303341525307, -0.8577474132459024, 2.4499341004970208, 0.16172303341526365, -1.521348196833995]","[2.211604219718965, -2.2777853857392687, -3.2765045935039973e-28, 2.1902363336232202, 2.277785385739267, 1.0147959313461963, -2.190236333623212, -4.094591642874418e-15]",4.245673320923922e-05,{}
14,0.5433996420760803,0.7487887432117251,True,1e-06,2.2633796346191105e-13,85.25525919399536,-1.355342047060772,-0.6657612452586399,-1.240788212985714e-50,0.36655492659073285,False,False,False,"[5.339284901847087, -0.8577474132459054, -5.779200332898225, 1.7319501431722786, -0.8577474132459016, -0.005481039038362963, -1.054118467729869, -1.9866405425648066]","[2.2116042197189603, -2.277785385739266, 4.798615047707355e-15, 0.5915405860841557, 2.277785385739268, 1.694883603596625, -1.6861643981320553, -0.5942813521739287]",0.0001837256469189961,{}
15,0.5433996420760803,0.7487887432117251,True,1e-06,1.5954736157428161e-12,30.188522407071385,-2.4174295055704373,1.37424815637261,-2.3990104782487493e-52,0.017530276508868514,False,False,False,"[5.339284901847089, -0.8577474132459025, -5.7792003328982275, -1.7680113236072867, -0.857747413245903, -0.6133914508991051, -0.42655592231338973, 0.2654801305348995]","[2.211604219718965, -2.277785385739267, -1.1953584302685528e-15, 1.885414035164215, 2.277785385739266, 0.13129921660401214, -0.6549099981280179, 0.5076708680279135]",5.5170913192349215e-05,{}
16,0.5433996420760803,0.7487887432117251,True,1e-06,1.8229307620542017e-14,35.17556315240383,-2.399899229061569,-4.807662456070239,-1.2507338314687043e-51,0.017530276508710863,False,False,False,"[5.339284901847092, -0.857747413245902, -5.779200332898233, -1.9289063990801587, -0.8577474132459029, -0.004196602454865023, -0.5421278352019183, 0.04540701950921566]","[2.2116042197189674, -2.277785385739267, -2.273895972701945e-15, 2.660217101262806, 2.277785385739266, -0.009322092371474822, 0.42054038464707155, 0.26471739502265473]",3.405825374724196e-05,{}
17,0.5433996420760803,0.7487887432117251,True,1e-06,4.562447842820365e-13,56.218095059299195,-3.4514101018119465,-0.578050141741002,-1.801527467134692e-49,0.04130515560370318,False,False,False,"[5.33928490184709, -0.857747413245904, -5.779200332898233, -0.8936962337657643, -0.8577474132459029, -0.30504643701999534, -2.5476678312169967, 0.013741499066910861]","[2.211604219718962, -2.2777853857392687, -3.1152154432620915e-16, -0.8577600607799506, 2.27778538573927, -0.17089223615243077, -0.980063140180978, -0.03075920225583576]",8.72317039432813e-05,{}
18,0.5433996420760803,0.7487887432117251,True,1e-06,4.627333384680169e-13,57.35506540158451,1.0597428606199808,5.732149298579682,3.0178026543048862e-55,0.006724391583569744,False,False,False,"[5.33928490184709, -0.8577474132459024, -5.779200332898237, 0.5150579460245498, -0.8577474132459019, -1.477939502954564, 1.0673739723629698, 1.939574195236055]","[2.2116042197189625, -2.2777853857392674, 5.5417250325644325e-15, -4.143509077944187, 2.2777853857392705, -1.708347315906967, -3.4341105375038743, 1.05080118403632]",4.341097569225279e-05,{}
19,0.5433996420760803,0.7487887432117251,True,1e-06,6.462172209257891e-13,11.428998772809896,-0.3831237060506867,0.9300063762985809,-3.712547886054475e-52,0.030485689224661883,False,False,False,"[5.339284901847095, -0.857747413245903, -5.779200332898228, -1.2903399066702088, -0.8577474132459016, -0.06615881418570645, -1.722830012235355, 0.6276001945645376]","[2.211604219718966, -2.277785385739266, -6.398421978880897e-16, 2.500841798939617, 2.2777853857392674, 0.9955766201135935, -0.6971058370134718, 0.16644971747595216]",2.9861722473838063e-05,{}
20,0.5433996420760803,0.7487887432117251,True,1e-06,8.639789531958417e-15,34.64144193429587,-0.6015337671824073,0.14681180167841257,1.2628077834404295e-52,0.02011655349853303,False,False,False,"[5.33928490184708, -0.8577474132459026, -5.779200332898219, 1.332267990219393, -0.8577474132458991, 0.09309946027287944, -1.479432830428494, -0.017219616503442142]","[2.211604219718953, -2.2777853857392647, 5.151716999412797e-15, 2.835024673975569, 2.2777853857392643, -0.7696049548188486, -0.42673239955266284, 0.9342376099687029]",6.0102472375187104e-05,{}
21,0.5433996420760803,0.7487887432117251,True,1e-06,2.1223239686216445e-14,14.962366441092053,-0.6568586084973944,0.5238700350640335,-2.652635743007501e-53,0.05532484131498716,False,False,False,"[5.339284901847084, -0.8577474132459024, -5.7792003328982275, -1.499582206158069, -0.8577474132459024, -0.299140451819856, -0.37675649891841945, -0.029870833805829302]","[2.211604219718962, -2.277785385739267, 4.796473656868224e-16, 0.11466905336874139, 2.277785385739267, -0.18851770785357055, 0.7648991233431071, 0.053601675195713655]",3.6649004936045775e-05,{}
22,0.5433996420760803,0.7487887432117251,True,1e-06,2.0605930753916687e-14,89.43832168569098,-0.15098288033074736,0.11259112552736336,-2.4180169166432396e-53,0.04805368720690642,False,False,False,"[5.33928490184709, -0.8577474132459035, -5.779200332898233, -1.30340762172401, -0.8577474132459039, 2.033870900668395, 1.6935845370810707, -2.0420484907339125]","[2.211604219718962, -2.2777853857392696, -1.311489536511054e-15, 2.46992752652074, 2.2777853857392687, -0.5831512809228574, -0.20063146973530485, -0.9556346717169512]",0.00012104364049236429,{}
23,0.5433996420760803,0.7487887432117251,True,1e-06,1.300573613688764e-12,92.01318667226835,-3.9566709360818377,4.088308351600922,3.9993906793242153e-53,0.15328703596399773,False,False,False,"[5.339284901847097, -0.8577474132459024, -5.779200332898233, 2.0471209203135334, -0.8577474132459052, 1.8768296516828311, -2.750451813995348, -0.4582525804038531]","[2.2116042197189705, -2.277785385739267, -2.4576335230361405e-15, 1.0218473579259568, 2.277785385739272, -1.8945469935817991, -0.7332906119656304, 0.9560510971285283]",0.00013439377277016075,{}
24,0.5433996420760803,0.7487887432117251,True,1e-06,6.466036496704425e-15,16.43364445192763,-0.3526380168260248,0.41110878840037784,-2.6167245256856134e-51,0.030485689224661883,False,False,False,"[5.339284901847088, -0.857747413245903, -5.779200332898224, -1.2265782504806686, -0.8577474132459029, 0.3157511799418781, -1.3192771347722185, -0.005336570135848102]","[2.211604219718965, -2.277785385739268, -2.9374779980670826e-16, 0.2732550688722514, 2.2777853857392665, -0.926648971667589, 1.0949163164682532, -0.056587751885377346]",4.4372255403781133e-05,{}
25,0.5433996420760803,0.7487887432117251,True,1e-06,1.9205010004531367e-13,138.56964407219502,-3.5080983978418567,0.7059155938726385,1.1779179164287957e-49,0.015383140426207031,False,False,False,"[5.33928490184709, -0.8577474132459046, -5.779200332898233, -2.5303500915940966, -0.8577474132459029, 1.0954004388092333, 0.02233275749692761, -0.7928869044598044]","[2.211604219718962, -2.2777853857392665, 1.0703878182219316e-15, 1.3554587444606283, 2.27778538573927, -0.10227151922795379, 0.011539186217587972, 0.5305658176120788]",0.0002064493931415929,{}
26,0.5433996420760803,0.7487887432117251,True,1e-06,3.199003181070006e-14,34.05521153722544,-0.5195553600765519,0.8860935372890235,-2.8546444841806288e-52,0.061861853607322326,False,False,False,"[5.339284901847085, -0.8577474132459019, -5.7792003328982275, -1.9342640333124428, -0.8577474132459052, -0.6841536906124931, 0.2864320443638739, 0.08948076132183298]","[2.211604219718968, -2.277785385739271, -5.402966771390683e-15, -0.7431808009486234, 2.2777853857392665, 1.4481798628197637, 0.6879459706991223, -0.1641660592236721]",6.31019766132574e-05,{}
27,0.5433996420760803,0.7487887432117251,True,1e-06,4.923998698363377e-14,14.788304854167217,-0.21141995983606954,-4.7737775886709915e-15,-5.506310833761968e-57,0.0004555651301827446,False,False,False,"[5.339284901847092, -0.8577474132459018, -5.7792003328982275, 0.694302705302949, -0.8577474132459022, 2.083066205390899, 0.6943027053030068, -1.7882208189080793]","[2.2116042197189674, -2.2777853857392656, -3.671144402823377e-28, 2.7871961484697985, 2.277785385739267, 0.8628342735939126, -2.787196148469736, -6.461619586152177e-16]",2.3301999274220376e-05,{}
28,0.5433996420760803,0.7487887432117251,True,1e-06,2.550325109382575e-14,89.43826995077399,-0.15098288033074597,-0.11259112552736178,6.977581156020578e-52,0.04805368720690781,False,False,False,"[5.339284901847086, -0.8577474132459032, -5.7792003328982275, 1.6935845370810725, -0.8577474132459016, 1.0258136807224396, -1.3034076217240071, -2.042048490733916]","[2.2116042197189594, -2.2777853857392647, 2.3257356438264607e-15, 0.2006314697353057, 2.277785385739266, 1.8505141311187878, -2.469927526520742, 0.9556346717169517]",0.00011892110600777485,{}
29,0.5433996420760803,0.7487887432117251,True,1e-06,1.7925990457631573e-13,87.14828025368809,-3.4085527571131973,-0.1459261280074311,8.950130779319353e-51,0.042857344698749245,False,False,False,"[5.339284901847094, -0.8577474132459035, -5.779200332898233, -1.997905624292332, -0.8577474132459029, -0.4653009421557605, 1.9468547657470814, -0.726475564067823]","[2.211604219718966, -2.2777853857392696, 1.2648314125119022e-15, 0.707373151493901, 2.27778538573927, 1.5117317956888996, -2.109300065838567, -1.025225884301681]",0.00010716433440225329,{}
30,0.5433996420760803,0.7487887432117251,True,1e-06,5.428808955799922e-14,207.28610817849048,-4.23475480261623,4.539812967441552,2.0499612202437933e-46,0.012588096433805873,False,False,False,"[5.3392849018470665, -0.8577474132458851, -5.779200332898191, 0.111341775777122, -0.8577474132458854, -0.20551776572085806, 0.5748530298175241, -2.6575286098749618]","[2.211604219718931, -2.277785385739255, 8.528400148549728e-15, -0.07906896266546544, 2.277785385739248, 1.3808917494407857, -2.6009181843443256, 0.00813538978423201]",0.0005874451702966967,{}
31,0.5433996420760803,0.7487887432117251,True,1e-06,2.2053098593250083e-13,25.060757339713124,0.05839357321059513,1.5165973072116095,1.4618142379710235e-51,0.2093764535413411,False,False,False,"[5.339284901847097, -0.8577474132459021, -5.779200332898234, -0.9888547448250086, -0.8577474132459041, 2.63358565064008, -1.7187847198123958, -0.12935607719698144]","[2.2116042197189647, -2.277785385739267, 2.657268493402664e-15, 0.4767453451988559, 2.277785385739269, -0.9690121154216856, 1.2605844207313595, 0.5721974382374361]",0.0001166936818748333,{}
32,0.5433996420760803,0.7487887432117251,True,1e-06,2.0430818692032677e-14,87.27038164736302,-2.852751255439978,4.969889151127232,7.074760311606208e-51,0.08810904941841535,False,False,False,"[5.339284901847092, -0.857747413245902, -5.779200332898233, -0.026294618223549802, -0.8577474132459016, -0.012284575969982869, -0.4436192794782581, -1.6635643626241798]","[2.2116042197189616, -2.277785385739267, -1.4103410503140772e-15, 0.006317989255851099, 2.2777853857392674, 0.5225212145585778, -2.9615060280396786, 0.15874292507183574]",0.0002280856351616623,{}
33,0.5433996420760803,0.7487887432117251,True,1e-06,8.45719630750301e-14,32.242482360649895,1.053018469036411,0.10630922662886588,-8.133556190922343e-51,0.006724391583569744,False,False,False,"[5.339284901847086, -0.8577474132459019, -5.7792003328982275, 0.6729823205475033, -0.8577474132459048, 0.08971777116558301, -0.2294710878735647, -0.4099601325096854]","[2.2116042197189665, -2.277785385739267, -2.8729288608881313e-15, -4.007680674757392, 2.277785385739266, 0.10288285586064677, 0.5316792313282809, -0.27438270626006644]",5.390533008970423e-05,{}
34,0.5433996420760803,0.7487887432117251,True,1e-06,1.4817214673626175e-13,53.842221830046014,-4.414949830234107,-2.67880627078966,2.9211917621698677e-50,0.013534118704723319,False,False,False,"[5.339284901847084, -0.8577474132459029, -5.779200332898224, -0.6174507555557301, -0.857747413245902, -0.6174152079061263, -1.6238567984821974, 0.06658882522784705]","[2.211604219718962, -2.277785385739266, 2.7884743200502443e-15, 0.9608912583821476, 2.277785385739267, -1.510043741383064, -0.6091300054552641, 0.19703568236218214]",0.0001352564579845739,{}
35,0.5433996420760803,0.7487887432117251,True,1e-06,8.994780012736985e-13,57.67741260535558,-3.1571534235886345,-0.39296529692337157,-1.2370162361624683e-49,0.04943399321911368,False,False,False,"[5.3392849018470825, -0.857747413245902, -5.779200332898224, -2.014302401251762, -0.8577474132459022, -1.0490699053105963, -2.7048535237435956, -3.3992720775294995e-05]","[2.211604219718963, -2.277785385739267, -3.9298324172862147e-16, -1.1866330888475525, 2.277785385739262, -0.08152571277211115, -0.6453110447931464, 2.6985188601564535e-05]",9.146122892686092e-05,{}
36,0.5433996420760803,0.7487887432117251,True,1e-06,1.6029268998386448e-12,101.81494361287649,-0.5814172136838742,-1.088380844868623,1.233130496001338e-50,0.020116553498532364,False,False,False,"[5.339284901847096, -0.857747413245904, -5.779200332898233, 0.45098508903543094, -0.8577474132459059, 0.056244111443184405, -2.9752610428340294, 0.7545827757287608]","[2.2116042197189647, -2.2777853857392687, -5.812944990026418e-16, -3.715734797360411, 2.2777853857392723, -0.05139603027188417, -0.6001937447686754, 0.34598570735782896]",0.00014975511966534998,{}
37,0.5433996420760803,0.7487887432117251,True,1e-06,3.556112111387742e-14,757.1769672104587,-4.1099579720458355,-3.8766078777312076,4.0963750870355346e-50,0.007864865936479504,False,False,False,"[5.339284901847082, -0.8577474132459026, -5.779200332898227, -1.2913932138693378, -0.857747413245904, -4.452917972131817, -4.4183834012517055e-05, 1.8477413458821734]","[2.211604219718963, -2.27778538573927, 1.2523522937251553e-15, 2.384459339803572, 2.2777853857392665, 3.0145723221080263, -0.00013408869052454258, -5.363792074101177]",0.0006105165627381213,{}
38,0.5433996420760803,0.7487887432117251,True,1e-06,1.9646142254349632e-13,68.97345121855643,-3.086174295882923,0.2505376751329662,1.0043057268636566e-50,0.021545134486598005,False,False,False,"[5.33928490184709, -0.8577474132459035, -5.7792003328982275, -1.392555920886433, -0.8577474132459035, 0.29785959780511534, 1.231801844310093, -1.0683379891256177]","[2.211604219718962, -2.2777853857392696, 9.53692593591053e-16, 1.3556486319063883, 2.2777853857392696, -1.2366506512240285, -0.7025241883667732, 1.0755825370764247]",0.00016969317985865106,{}
39,0.5433996420760803,0.7487887432117251,True,1e-06,1.8127246968480819e-12,87.52258605591284,-4.401415711529384,1.8987089322557038,-2.1392330978573714e-49,0.013534118704723319,False,False,False,"[5.339284901847092, -0.8577474132459014, -5.779200332898233, 2.0268710924143125, -0.8577474132459046, 1.1541138409105653, -2.3384236741261706, -0.6611148853818277]","[2.211604219718967, -2.277785385739268, -3.849607885200554e-15, 1.6809729698605815, 2.2777853857392665, -1.5971151089648945, -0.7247678936253154, 0.8848639997611237]",0.00010278238754423037,{}
40,0.5433996420760803,0.7487887432117251,True,1e-06,1.1484982514925434e-14,60.16605681369989,-2.1448946319868796,5.692341580991474,1.881757151671184e-51,0.04638711247340499,False,False,False,"[5.339284901847083, -0.8577474132459025, -5.779200332898219, 1.1870731188538854, -0.8577474132458991, 2.527488257417855, -2.617280458011185, 0.1297194731856882]","[2.2116042197189576, -2.2777853857392647, 7.620918597375373e-15, -0.2957250881595197, 2.2777853857392643, -2.882972492993754, -0.11519988041288391, 0.9190210517571538]",0.00010255103283997122,{}
41,0.5433996420760803,0.7487887432117251,True,1e-06,2.4790014761595594e-13,63.309870311169384,-4.222166706182424,-1.37776169975469,7.198072385382404e-49,0.012588096433805873,False,False,False,"[5.339284901847093, -0.8577474132459021, -5.779200332898227, -1.6814270368191506, -0.8577474132459049, -0.33625291208882174, 0.7124201192096729, -0.3677043804998759]","[2.2116042197189656, -2.2777853857392705, -2.0085395200806494e-15, 1.3569466567351174, 2.2777853857392683, -0.9200921679085557, -0.7009007585698206, 1.0125529456928015]",0.00013763709960995616,{}
42,0.5433996420760803,0.7487887432117251,True,1e-06,2.671424907670936e-12,145.63332437215598,-3.107719430369521,5.289982528374438,-4.386815701542021e-49,0.021545134486598005,False,False,False,"[5.3392849018470825, -0.8577474132459031, -5.779200332898224, -2.2386224801345698, -0.8577474132459022, -0.007719063380863719, -2.3627626041137133, 1.778746302552529]","[2.211604219718965, -2.2777853857392647, -4.57164959881921e-17, -1.3374212943448136, 2.277785385739265, 0.004450221877967156, -3.915682765959085, 1.37740151189952]",0.00026089729683941455,{}
43,0.5433996420760803,0.7487887432117251,True,1e-06,1.0614103731680587e-14,26.767899281780902,-0.19903656753765378,9.933130263941632e-17,-3.600078846904885e-57,0.008975746774215726,False,False,False,"[5.339284901847086, -0.8577474132459029, -5.7792003328982275, -0.5338851142437975, -0.8577474132459023, 2.0742625097176295, -0.5338851142438021, -0.5527309634844841]","[2.2116042197189665, -2.277785385739266, 1.1479849206596107e-22, 0.6572424512233161, 2.277785385739265, 0.8591876634470945, -0.657242451223317, 4.2878828271815113e-16]",3.301810929252676e-05,{}
44,0.5433996420760803,0.7487887432117251,True,1e-06,1.6503998331275775e-14,22.74602228178072,0.4379284878073444,-0.9436453755029908,3.7244400877211616e-51,0.21332354121468833,False,False,False,"[5.339284901847086, -0.8577474132459019, -5.7792003328982275, 0.031457300040216685, -0.8577474132459023, 0.49085921526885445, -1.5648810493329302, -0.007624350709709549]","[2.2116042197189665, -2.2777853857392656, -1.6555222241402952e-15, -2.5203166063918148, 2.277785385739265, 4.089609050323816, 0.014154745709549553, 1.3391223567358055]",5.274282683516802e-05,{}
45,0.5433996420760803,0.7487887432117251,True,1e-06,8.436766788595395e-15,32.24248928482461,1.0530184690364082,-0.10630922662887388,1.8121950343723435e-52,0.006724391583572631,False,False,False,"[5.3392849018470905, -0.8577474132458998, -5.7792003328982275, -0.22947108787356468, -0.8577474132459044, 0.13618920943102816, 0.6729823205475114, -0.4099601325096859]","[2.2116042197189705, -2.277785385739264, -5.055716937948667e-15, -0.5316792313282821, 2.2777853857392687, -0.009309120662776092, 4.007680674757394, 0.27438270626006817]",5.594989007262194e-05,{}
46,0.5433996420760803,0.7487887432117251,True,1e-06,1.0452618589287095e-14,66.93649746850153,-4.117822837982315,-3.268711669727676,-9.325218355143903e-49,0.007864865936479504,False,False,False,"[5.339284901847094, -0.8577474132459019, -5.779200332898233, -2.510826049121775, -0.8577474132459035, 0.0016027219131150266, -0.5334702282666473, -0.019000123636700204]","[2.211604219718966, -2.2777853857392656, -4.0073516999938623e-16, 2.064799770877157, 2.2777853857392696, -0.00020613328978768042, 0.5157445673416489, 0.21968847702288738]",4.870031714639845e-05,{}
47,0.5433996420760803,0.7487887432117251,True,1e-06,1.5313030532097353e-14,84.20907885296242,-3.4927152574156497,-0.6600473053488554,-9.374652537443677e-51,0.015383140426207031,False,False,False,"[5.339284901847084, -0.8577474132459036, -5.779200332898224, 0.010641817971526185, -0.8577474132459023, 0.3960025301042027, -2.65850030447697, -0.30180478322202564]","[2.211604219718962, -2.277785385739264, 9.7948432426608e-16, -0.6265602363203001, 2.277785385739265, -0.05586811042609492, -1.06886755600886, -0.05033064566291709]",0.00015106989117797493,{}
48,0.5433996420760803,0.7487887432117251,True,1e-06,1.3304309103759192e-13,60.16608558466761,-2.1448946319868796,-5.6923415809914655,2.3808170374848663e-52,0.04638711247340499,False,False,False,"[5.339284901847086, -0.8577474132459044, -5.7792003328982275, -2.6172804580111744, -0.8577474132459035, -0.25136531358064923, 1.187073118853866, 0.12971947318568686]","[2.2116042197189665, -2.2777853857392687, 1.766672059195367e-15, 0.1151998804128717, 2.2777853857392696, 3.825773485959718, 0.2957250881595222, -0.9190210517571495]",0.00010499447003001178,{}
49,0.5433996420760803,0.7487887432117251,True,1e-06,1.9312775480230948e-14,61.43058629856155,-3.0242143942767488,-1.5804684357578138,1.867758542279731e-49,0.06195990160617404,False,False,False,"[5.33928490184709, -0.8577474132459029, -5.7792003328982275, -2.492503476199416, -0.8577474132459014, -0.13448907181989, -3.022696082388377, -1.1106059506929411e-06]","[2.211604219718962, -2.277785385739266, 3.223709466690612e-15, -1.0784029104485755, 2.277785385739268, -2.7408568903561132, -0.6758124633458842, -8.357348848949159e-07]",0.00011879577817032014,{}
50,0.5433996420760803,0.7487887432117251,True,1e-06,1.3168199866682374e-14,35.780388242563106,-1.7218969736515048,1.0118358680788435,4.4643079980434915e-49,0.1556264011426911,False,False,False,"[5.339284901847092, -0.8577474132459031, -5.779200332898224, -2.1101621120734553, -0.8577474132459004, -0.30499224061021185, -1.1071403885121844, 0.016703560045624507]","[2.2116042197189616, -2.2777853857392647, 4.341648901949537e-15, 0.5415974842661269, 2.2777853857392665, -0.4792242595242416, 0.9647597269479474, -0.0037189313569527677]",5.53500442461133e-05,{}
51,0.5433996420760803,0.7487887432117251,True,1e-06,7.460830893718047e-15,33.09809245620253,-2.1912817444602846,-0.45302823772142764,-3.454649680372506e-51,0.04638711247340499,False,False,False,"[5.3392849018470905, -0.8577474132459054, -5.779200332898228, -0.39347853858097465, -0.8577474132459018, 1.295191773629106, -2.070645904728687, 0.07077912069864847]","[2.2116042197189625, -2.2777853857392674, 1.9044415005716386e-15, 0.06022163267468727, 2.277785385739268, -2.578944345469747, -0.08841446954479236, 0.12519023608478855]",4.662234845639693e-05,{}
52,0.5433996420760803,0.7487887432117251,True,1e-06,1.482175597141837e-13,149.6706024172288,-4.511859281169411,-1.105394644467729,-2.1317259864806823e-46,0.09690945093530345,False,False,False,"[5.339284901847092, -0.8577474132459044, -5.7792003328982275, -2.6504358080992283, -0.857747413245899, -0.006565868135607269, -0.5076592054231861, -0.029456956959817565]","[2.211604219718962, -2.2777853857392625, 6.592707157289889e-15, 1.5219994772395657, 2.277785385739266, -0.06996949559373837, 0.4891711320086795, 0.2255989147140652]",0.0001343183858288249,{}
53,0.5433996420760803,0.7487887432117251,True,1e-06,1.0072090471247725e-14,30.188530119168178,-2.4174295055702797,-1.3742481563726678,7.605093726288743e-52,0.017530276508710863,False,False,False,"[5.339284901847086, -0.8577474132459026, -5.779200332898233, -0.42655592231352196, -0.8577474132459053, -0.34089068802730654, -1.7680113236073018, 0.26548013053480973]","[2.2116042197189665, -2.277785385739272, -3.56188642947363e-15, 0.6549099981281478, 2.277785385739268, -0.5265758208778277, -1.8854140351642408, -0.5076708680278755]",6.192698300530986e-05,{}
54,0.5433996420760803,0.7487887432117251,True,1e-06,6.665094551702265e-13,57.04156432737648,0.6512520290220327,-0.5308708381072307,-5.588042697550493e-48,0.21332354121468833,False,False,False,"[5.339284901847083, -0.8577474132459031, -5.779200332898224, 0.17020956021943034, -0.8577474132459014, -0.0006399169975439086, -2.167623920378887, 0.7924266876007527]","[2.2116042197189576, -2.2777853857392647, 1.2975676723976196e-15, -3.6474177494749846, 2.2777853857392625, 0.018395070041238974, 0.2380417404126384, -0.2659432347475902]",0.0001280497932193453,{}
55,0.5433996420760803,0.7487887432117251,True,1e-06,2.8762491138557595e-14,63.30986224703523,-4.222166706182415,1.3777616997547246,-4.6741893842660116e-48,0.012588096433814755,False,False,False,"[5.339284901847092, -0.8577474132459043, -5.7792003328982275, 0.7124201192096559, -0.8577474132459029, -0.8883701255764926, -1.681427036819162, -0.36770438049987525]","[2.211604219718967, -2.2777853857392687, 2.0262872566756732e-15, 0.7009007585698136, 2.27778538573927, 0.4128366969130371, -1.35694665673512, -1.0125529456927982]",0.00015169152397611875,{}
56,0.5433996420760803,0.7487887432117251,True,1e-06,7.92737582751545e-15,34.05520519142401,-0.5195553600765519,-0.8860935372890282,-1.3073584256919924e-53,0.061861853607322326,False,False,False,"[5.339284901847094, -0.8577474132459024, -5.779200332898233, 0.2864320443638744, -0.857747413245904, 0.5402480873717634, -1.934264033312444, 0.08948076132183316]","[2.211604219718966, -2.277785385739267, 1.2949488222449478e-16, -0.6879459706991222, 2.2777853857392687, -1.5077875153835572, 0.7431808009486233, 0.16416605922367195]",5.5673205758746555e-05,{}
