gamma,re_phi_m,full_conv2_exponent,lambda_exact_interp,abs_gap_to_exact,seed_full_interp,seed_abs_gap_to_exact,delta_re_vs_seed,re43_minus_re46,im43_plus_im46,mean_im_mod_abs,physically_feasible
-1.2650000000000001,0.10110742395299543,-0.5885019510470046,-0.5156472760238844,0.07285467502312026,-0.5094356566665964,0.0062116193572879785,-0.07906629438040816,0.0008412660932513027,0.004830929519373139,0.157143913671977,True
-1.565,0.06720182219893456,-0.6224075528010655,-0.5836450958475877,0.0387624569534778,-0.5816965075146013,0.0019485883329863896,-0.04071104528646405,-0.0014284992530124718,-0.002725688452564823,0.04468400470378464,True
-1.7149999999999999,0.04342784246670428,-0.6461815325332958,-0.6236267050845109,0.022554827448784898,-0.6280809699985719,0.004454264914060979,-0.01810056253472378,-0.0017455169223423717,-0.0016485932368222045,0.011608442805552732,True
-1.7349999999999999,0.039891923657502715,-0.6497174513424974,-0.6288096999950132,0.020907751347484127,-0.6346735680005966,0.005863868005583361,-0.015043883341900634,0.0017905495860162102,0.00147731719862354,0.008480856669212944,True
-1.7650000000000001,0.034415630860639146,-0.6551937441393609,-0.6363769807116585,0.018816763427702443,-0.6447055011965863,0.008328520484927826,-0.010488242942774548,0.0018609269111649063,0.0011864096688245507,0.0044736717943771875,True
-1.8050000000000002,0.0267692397646504,-0.6628401352353497,-0.6459441440004094,0.016895991234940233,-0.6582888848873518,0.012344740886942374,-0.004551250347997797,0.0019648834826715422,0.0006376994439484807,0.0007255919612241257,True
-1.855,0.018644151069401538,-0.6709652239305985,-0.656782256422718,0.014182967507880506,-0.6752404087896067,0.018458152366888636,0.004275184859008272,-0.0011980787639713775,1.6756587236685143e-15,8.881784197001252e-16,True
-1.875,0.016435254361523988,-0.673174120638476,-0.6606988753661941,0.012475245272281943,-0.6818656513641311,0.021166775997937037,0.008691530725655098,-0.0010179976442433736,1.4264419897794424e-16,8.881784197001252e-16,True
-1.9249999999999998,0.01214271027361169,-0.6774666647263884,-0.6693129824827503,0.008153682243638105,-0.6995327370799692,0.03021975459721893,0.022066072353580983,0.0007234225585384113,-3.5031500456163853e-16,2.220446049250313e-16,True
-1.9449999999999998,0.010781985358081114,-0.678827389641919,-0.6722694075160472,0.006557982125871775,-0.7069831091658906,0.03471370164984333,0.028155719523971712,0.0006390039651594792,2.007085287600222e-15,8.881784197001252e-16,True
-1.995,0.008018501714840032,-0.6815908732851601,-0.6784524290633452,0.0031384442218148623,-0.726427723293702,0.047975294230356735,0.044836850008542005,0.00047553352744345023,-4.1079337259080166e-15,1.9984014443252818e-15,True
-2.025,0.0067074477609115335,-0.6829019272390886,-0.6813839813908692,0.0015179458482194041,-0.7386023134417075,0.05721833205083826,0.05570038620261907,-0.0004005907953572585,-5.037471511740884e-16,8.881784197001252e-16,True
-2.065,0.005272804410966225,-0.6843365705890339,-0.6844935027611996,0.00015693217216572464,-0.7553700389323281,0.07087653617112855,0.07103346834329435,-0.0003197103907783827,2.7328851602785872e-15,1.3322676295501878e-15,True
-2.105,0.004126959133188446,-0.6854824158668116,-0.6868277551123517,0.0013453392455401447,-0.7727017570764794,0.08587400196412764,0.08721934120966786,-0.0002554698336403316,3.974866077613708e-16,1.1102230246251565e-15,True
-2.125,0.003643530278848617,-0.6859658447211514,-0.6877523246143763,0.0017864798932248904,-0.7815653183031938,0.09381299368881746,0.09559947358204242,-0.00022833176505043795,2.390158859206885e-15,1.3322676295501878e-15,True
-2.145,0.0032115257495909377,-0.6863978492504091,-0.6885396626528243,0.002141813402415149,-0.790554185678067,0.10201452302524272,0.10415633642765794,-0.00020400323169822432,1.5099977576316943e-15,8.881784197001252e-16,True
-2.175,0.002648509029361673,-0.6869608659706384,-0.689499974856288,0.002539108885649566,-0.8042627767320517,0.11476280187576371,0.11730191076141341,-0.00017210373372733567,-1.8896201991850943e-09,9.448100080078348e-10,True
-2.205,0.0021739019778242025,-0.6874354730221759,-0.6902402577347471,0.0028047847125711733,-0.8182294680392607,0.1279892103045136,0.13079399501708494,0.00014494552353574996,-1.1009544422185505e-15,4.440892098500626e-16,True
-2.255,0.0015446542541252412,-0.6880647207458749,-0.6910995823908265,0.003034861644951592,-0.8420466374055517,0.15094705501472527,0.1539819166596771,-0.00010831549320969303,2.1751605901465123e-15,1.1102230246251565e-15,True
-2.3049999999999997,0.001076164920765968,-0.6885332100792341,-0.6916217818803704,0.0030885718011363084,-0.8664921107506566,0.1748703288702862,0.17795890067142262,-8.028326362821692e-05,6.139308289393418e-16,2.220446049250313e-16,True
-2.335,0.0008560964517028494,-0.6887532785482973,-0.6918204779488147,0.003067199400517473,-0.8814407343695607,0.18962025642074598,0.19268745582126354,6.675538004861925e-05,4.1112146224408346e-16,2.220446049250313e-16,True
-2.415,0.00043725121477559276,-0.6891721237852245,-0.6920728487134445,0.002900724928220022,-0.9222520792673506,0.2301792305539061,0.23307995548212626,3.9905531123721194e-05,-8.230535957328557e-16,1.3322676295501878e-15,True
-2.435,0.0003625438830128294,-0.6892468311169873,-0.6920912527022126,0.002844421585225354,-0.9326561019982977,0.24056484929608513,0.24340927088131062,-3.487346854096074e-05,2.355062132524209e-14,1.176836406102666e-14,True
-2.465,0.0002679902288834843,-0.6893413847711166,-0.6920953198830833,0.0027539351119666433,-0.9484028255241794,0.25630750564109617,0.2590614407530629,-2.833042939014152e-05,-1.282257822780048e-15,1.1102230246251565e-15,True
-2.505,0.00016942472629761368,-0.6894399502737024,-0.6920659748775245,0.002626024603822108,-0.9696485412432908,0.2775825663657663,0.28020859096958844,2.121535526428131e-05,-6.587359067233204e-16,4.440892098500626e-16,True
-2.525,0.00013000711816267205,-0.6894793678818374,-0.6920395952919101,0.0025602274100726685,-0.9803733586249923,0.28833376333308225,0.2908939907431551,1.8247159169766658e-05,-2.2675573678303316e-16,8.881784197001252e-16,True
-2.545,9.618044154017721e-05,-0.6895131945584599,-0.6920069546766838,0.0024937601182238867,-0.9911631379546402,0.29915618327795634,0.30164994339618034,1.5619900091266847e-05,-2.0458363633306946e-15,1.5543122344752192e-15,True
-2.605,2.2099202344378482e-05,-0.6895872757976557,-0.6918805437427612,0.002293267945105537,-1.023900354223089,0.3320198104803277,0.33431307842543334,9.454411916597072e-06,1.3777747003019618e-15,6.661338147750939e-16,True
-2.625,4.794493017171164e-06,-0.6896045805069829,-0.6918313872917354,0.002226806784752511,-1.0349282636408383,0.3430968763491029,0.34532368313385564,7.876405310150436e-06,1.8171938562064594e-15,1.3322676295501878e-15,True
-2.665,-2.132194104166596e-05,-0.6896306969410417,-0.6917261046602227,0.0020954077191809306,-1.0571448494723168,0.36541874481209413,0.3675141525312752,5.292134101261836e-06,1.926232617336445e-15,1.1102230246251565e-15,True
-2.705,-3.840942551399003e-05,-0.6896477844255141,-0.6916146072673287,0.001966822841814597,-1.0795622878275681,0.3879476805602394,0.3899145034020543,3.3391729650188162e-06,-1.190190899850423e-15,6.661338147750939e-16,True
-2.725,-4.4291160836058135e-05,-0.6896536661608361,-0.6915574901434132,0.0019038239825770464,-1.0908413565127586,0.39928386636934543,0.4011876903519227,-2.5572073361762593e-06,4.81470969151519e-16,6.661338147750939e-16,True
-2.745,-4.872102817081794e-05,-0.6896580960281709,-0.6914998878917542,0.001841791863583353,-1.102164719963641,0.41066483207188686,0.41250662393547033,1.8856351332377508e-06,-2.4371937514434133e-15,1.3322676295501878e-15,True
-2.775,-5.30917799126205e-05,-0.6896624667799127,-0.6914131673299345,0.0017507005500217998,-1.1192286073145248,0.42781543998459026,0.4295661405346124,1.057864841103734e-06,-1.0553659392037005e-17,4.440892098500626e-16,True
-2.835,-5.5726556728348184e-05,-0.6896651015567284,-0.6912413316806563,0.0015762301239278242,-1.1536167785867473,0.462375446906091,0.463951677030019,8.195539676417174e-08,6.730846858684385e-16,6.661338147750939e-16,True
-2.9050000000000002,-5.235459197499431e-05,-0.689661729591975,-0.691048612748502,0.001386883156527019,-1.194118858569757,0.503070245821255,0.5044571289777823,-7.950028746810112e-07,-3.9093944734190756e-15,1.9984014443252818e-15,True
-2.975,-4.557318034254009e-05,-0.6896549481803427,-0.6908687581105121,0.001213809930169396,-1.2349589507384526,0.5440901926279406,0.5453040025581102,-1.0908768536465815e-06,-1.582216985736993e-15,6.661338147750939e-16,True
-2.995,-4.3355145509708145e-05,-0.6896527301455098,-0.6908201437145185,0.001167413569008735,-1.2466789880583986,0.5558588443438801,0.557026257912889,-1.1249248922937452e-06,2.047410535630037e-15,1.1102230246251565e-15,True
-3.025,-3.994150711800811e-05,-0.6896493165071181,-0.6907496821451113,0.0011003656379932059,-1.2642953658569756,0.5735456837118642,0.5746460493498576,-1.1460348460258507e-06,-8.156296926487763e-16,6.661338147750939e-16,True
-3.0549999999999997,-3.650883614739241e-05,-0.6896458838361474,-0.6906822386394952,0.0010363548033477388,-1.2819501568603608,0.5912679182208657,0.5923042730242136,-1.1387760628861834e-06,-4.035486288963894e-15,1.9984014443252818e-15,True
-3.075,-3.424725311144397e-05,-0.6896436222531115,-0.6906389732369667,0.00099535098385517,-1.2937385061061837,0.603099532869217,0.6040948838530724,-1.1217459662893683e-06,6.979188346109542e-17,0.0,True
-3.0949999999999998,-3.20275850690787e-05,-0.6896414025850691,-0.69059706950674,0.0009556669216709279,-1.305539664385852,0.6149425948791118,0.6158982618007831,-1.097067292123513e-06,-2.0157327406967484e-15,8.881784197001252e-16,True
-3.115,-2.986356337844327e-05,-0.6896392385633785,-0.69055652428253,0.000917285719151506,-1.3173519438510388,0.6267954195685088,0.6277127052876607,-1.0662783888532902e-06,-4.29750906301414e-16,6.661338147750939e-16,True
-3.145,-2.6744948268875735e-05,-0.689636119948269,-0.6904982341211929,0.0008621141729239223,-1.3350875460104936,0.6445893118893007,0.6454514260622248,1.0114991478640811e-06,1.1163687700019233e-15,4.440892098500626e-16,True
-3.165,-2.4762258048701986e-05,-0.6896341372580488,-0.690461038860945,0.0008269016028962239,-1.3469203047150395,0.6564592658540945,0.657286167456991,9.708611406989906e-07,-2.2717374553420676e-16,6.661338147750939e-16,True
-3.185,-2.2863160426811078e-05,-0.6896322381604268,-0.6904251542957273,0.0007929161353004144,-1.3587583489557737,0.6683331946600465,0.6691261107953471,-9.280113537082045e-07,-5.924267509885143e-16,2.220446049250313e-16,True
-3.205,-2.1051289302558918e-05,-0.6896304262893026,-0.6903905586622884,0.0007601323729857778,-1.3706000309325272,0.6802094722702389,0.6809696046432249,-8.837235308269652e-07,-2.5947498280127267e-15,1.3322676295501878e-15,True
-3.225,-1.932885248743534e-05,-0.6896287038524875,-0.6903572275161755,0.0007285236636879189,-1.3824437111402001,0.6920864836240247,0.6928150072877127,8.386519382342673e-07,1.7155637900878317e-15,8.881784197001252e-16,True
-3.245,-1.7696856030322353e-05,-0.6896270718560304,-0.6903251341624763,0.000698062306445868,-1.3942877581871689,0.7039626240246926,0.7046606863311387,7.933457823322554e-07,7.611577520677128e-15,4.218847493575595e-15,True
-3.2649999999999997,-1.615530115997273e-05,-0.68962553030116,-0.6902942500467077,0.000668719745547719,-1.4061305486293814,0.7158362985826736,0.7165050183282214,-7.482621971893755e-07,4.994477566353914e-15,2.4424906541753444e-15,True
-3.285,-1.4703356739952057e-05,-0.68962407835674,-0.6902645451083715,0.000640466751631541,-1.417970466819038,0.7277059217106665,0.7283463884622984,-7.037778133275364e-07,1.1338174888514394e-15,8.881784197001252e-16,True
-3.335,-1.1454284032477919e-05,-0.6896208292840326,-0.6901952344457964,0.0005744051617638801,-1.4475471622734304,0.7573519278276339,0.7579263329893982,-5.970519594987369e-07,-1.8433768148806313e-15,8.881784197001252e-16,True
-3.395,-8.22790378736068e-06,-0.6896176029037875,-0.6901208126576497,0.0005032097538621993,-1.4829671933175481,0.7928463806598984,0.7933495904137607,4.807351809614328e-07,-7.582157096744023e-16,2.220446049250313e-16,True
-3.415,-7.302107533997378e-06,-0.689616677107534,-0.6900979823522917,0.000481305244757646,-1.494749578559891,0.8046515962075993,0.8051329014523572,4.4527659519419047e-07,7.744145177042926e-16,4.440892098500626e-16,True
-3.495,-4.255854851637712e-06,-0.6896136308548517,-0.6900156638229877,0.0004020329681360124,-1.5417160868411637,0.851700423018176,0.8521024559863122,3.208541567161112e-07,1.5414791716038095e-15,1.5543122344752192e-15,True
-3.575,-2.0959920431753358e-06,-0.6896114709920432,-0.6899462261934202,0.00033475520137693504,-1.5883479086147816,0.8984016824213614,0.8987364376227386,2.2330648399816137e-07,8.390327805395754e-16,4.440892098500626e-16,True
-3.605,-1.472184422842966e-06,-0.6896108471844229,-0.6899231159054742,0.0003122687210512787,-1.6057286973210256,0.9158055814155515,0.9161178501366029,-1.930441026276944e-07,-1.7380444503345075e-15,2.220446049250313e-15,True
-3.6550000000000002,-6.192492229386073e-07,-0.689609994249223,-0.6898877798103279,0.00027778556110491515,-1.6345480211069068,0.9446602412965789,0.944938026857684,-1.4943513783620584e-07,2.5812453570931437e-15,1.1102230246251565e-15,True
-3.675,-3.3577456244528615e-07,-0.6896097107745626,-0.6898746835532732,0.00026497277871062597,-1.646019390759442,0.9561447072061688,0.9564096799848797,-1.341880897093306e-07,-2.0347279909080193e-15,1.1102230246251565e-15,True
-3.705,3.514980153235302e-08,-0.6896093398501986,-0.6898560753262836,0.0002467354760850027,-1.6631614553066703,0.9733053799803867,0.9735521154564719,1.1346358279892919e-07,-4.3470427164599473e-16,2.220446049250313e-16,True
-3.725,2.494681860805252e-07,-0.689609125531814,-0.6898443269465905,0.00023520141477650913,-1.6745440380161196,0.9846997110695291,0.9849349124843058,-1.009830473532123e-07,-4.911258042359177e-16,1.1102230246251565e-15,True
-3.745,4.3982790425635453e-07,-0.6896089351720959,-0.6898330784336585,0.00022414326156261488,-1.685888554555302,0.9960554761216435,0.9962796193832064,-8.949711983172789e-08,-2.685935275077666e-15,2.6645352591003757e-15,True
-3.7649999999999997,6.081565420534949e-07,-0.6896087668434581,-0.6898223086017132,0.00021354175825516464,-1.6971935573635417,1.0073712487618285,1.0075847905200839,-7.89444103101904e-08,-9.45714125517902e-16,8.881784197001252e-16,True
-3.785,7.562609222613946e-07,-0.6896086187390779,-0.6898119970879104,0.00020337834883255024,-1.7084576058447278,1.0186456087568174,1.0188489871056503,-6.926558066548032e-08,-1.259784951772397e-15,6.661338147750939e-16,True
-3.8049999999999997,8.858314216199218e-07,-0.6896084891685784,-0.6898021243358553,0.00019363516727688435,-1.719679266404972,1.0298771420691168,1.0300707772363937,-6.040354835973663e-08,-2.369905736930624e-16,4.440892098500626e-16,True
-3.835,1.0488599418436665e-06,-0.6896083261400582,-0.6897880970412932,0.00017977090123499906,-1.736429161249738,1.046641064208445,1.04682083510968,4.852301363608615e-08,8.262066052201485e-16,8.881784197001252e-16,True
-3.855,1.1387695075840653e-06,-0.6896082362304925,-0.6897792407580782,0.00017100452758567197,-1.747538626361409,1.057759385603331,1.0579303901309167,-4.146904164791009e-08,-1.883748143386357e-15,8.881784197001252e-16,True
-3.895,1.2794173840580602e-06,-0.689608095582616,-0.6897626411877691,0.00015454560515304472,-1.7696141058140085,1.0798514646262394,1.0800060102313926,-2.9223812414262695e-08,8.713373764098382e-16,8.881784197001252e-16,True
-3.935,1.3755691616120663e-06,-0.6896079994308385,-0.6897474212389149,0.0001394218080763565,-1.7914890103293097,1.1017415890903948,1.1018810108984716,-1.9168219243088057e-08,-2.6796003609565013e-15,1.3322676295501878e-15,True
-3.955,1.4095418454408704e-06,-0.6896079654581546,-0.6897402919915456,0.00013232653339101397,-1.8023477842017819,1.1126074922102362,1.1127398187436275,1.4860535469925565e-08,2.0500615583575503e-15,1.1102230246251565e-15,True
-3.9850000000000003,1.4454245615533508e-06,-0.6896079295754385,-0.6897301607185939,0.00012223114315546013,-1.8185337352243467,1.1288035745057527,1.1289258056489084,9.196321398027927e-09,3.4077030413900644e-15,1.7763568394002505e-15,True
-4.015,1.4656243464091e-06,-0.6896079093756536,-0.6897206663866615,0.00011275701100788016,-1.834592948986115,1.1448722825994535,1.1449850396104615,-4.38933336904682e-09,-1.7123690456516267e-16,8.881784197001252e-16,True
-4.045,1.4725573165557814e-06,-0.6896079024426836,-0.6897117686602096,0.00010386621752600522,-1.8505208645145348,1.1608090958543253,1.1609129620718515,3.37418975355705e-10,-1.7997595159826426e-15,8.881784197001252e-16,True
-4.0649999999999995,1.4708692764028647e-06,-0.6896079041307237,-0.6897061495951959,9.824546447223526e-05,-1.8610642966662132,1.1713581470710173,1.1714563925354897,1.990250608091028e-09,4.7382327766903246e-15,2.220446049250313e-15,True
-4.085,1.4647984313923294e-06,-0.6896079102015686,-0.6897007683833676,9.285818179893823e-05,-1.8715460332648886,1.181845264881521,1.1819381230633201,-4.0483855547946736e-09,2.7180993709210005e-15,1.5543122344752192e-15,True
-4.115,1.4485901520784275e-06,-0.689607926409848,-0.6896931206937447,8.519428389663908e-05,-1.887150068617412,1.1974569479236674,1.1975421422075643,6.680465834788289e-09,3.866934081715185e-16,0.0,True
-4.135,1.433721508942813e-06,-0.6896079412784911,-0.6896882911659401,8.034988744898275e-05,-1.8974717985914427,1.2077835074255026,1.2078638573129516,-8.162574786631195e-09,-1.1977135605206538e-15,1.9984014443252818e-15,True
-4.175,1.3960579004055782e-06,-0.6896079789420997,-0.6896792375506483,7.125860854861887e-05,-1.9179150978747637,1.2282358603241152,1.2283071189326642,-1.0558154642996247e-08,-1.3925240216231977e-15,1.1102230246251565e-15,True
-4.235,1.3248446566248247e-06,-0.6896080501553434,-0.689667048552564,5.8998397220566545e-05,-1.948060354440549,1.258393305887985,1.2584523042852058,1.2976640745651245e-08,3.076640326802131e-15,1.5543122344752192e-15,True
-4.255,1.2983272014926528e-06,-0.6896080766727986,-0.6896633265829547,5.5249910156152104e-05,-1.9579651024739173,1.2683017758909627,1.268357025801119,1.3526664502687066e-08,1.5437027627663267e-16,8.881784197001252e-16,True
-4.275,1.2708185857768467e-06,-0.6896081041814143,-0.6896597636114283,5.165943001406159e-05,-1.9677959203679356,1.2781361567565073,1.2781878161865214,1.3969219533069635e-08,4.826722670097502e-16,2.220446049250313e-16,True
-4.305,1.228137679647301e-06,-0.6896081468623204,-0.6896547032719086,4.655640958817209e-05,-1.9824008092142373,1.2927461059423289,1.292792662351917,-1.4455043897341731e-08,1.3285516942070121e-15,1.1102230246251565e-15,True
-4.345,1.169494569255912e-06,-0.6896082055054308,-0.6896484549766307,4.024947119996014e-05,-2.0016037004448672,1.3119552454682366,1.3119954949394366,1.482074139385085e-08,2.085907687150895e-15,8.881784197001252e-16,True
-4.365,1.1397643785503815e-06,-0.6896082352356215,-0.6896455319347815,3.7296699159972135e-05,-2.011086563111208,1.3214410311764264,1.3214783278755866,-1.490176119203464e-08,4.2280953761440844e-17,0.0,True
-4.385,1.1099309425094335e-06,-0.6896082650690576,-0.6896427359167792,3.4470847721568276e-05,-2.0204887614413285,1.3308460255245493,1.3308804963722711,1.4924871409414823e-08,3.92262152484987e-16,8.881784197001252e-16,True
-4.405,1.0801033146381317e-06,-0.6896082948966854,-0.6896400619348743,3.1767038188856844e-05,-2.0298090998806435,1.3401690379457691,1.3402008049839582,1.4896753603018884e-08,3.613641130751684e-16,6.661338147750939e-16,True
-4.4350000000000005,1.035580249400238e-06,-0.6896083394197506,-0.6896362694176059,2.7929997855280497e-05,-2.04363352731934,1.353997257901734,1.3540251878995895,-1.4771652283361667e-08,-1.1017656185477912e-15,4.440892098500626e-16,True
-4.455,1.0061634095284795e-06,-0.6896083688365906,-0.6896338801480174,2.551131142680685e-05,-2.05274404522652,1.3631101650785027,1.3631356763899296,1.4640874899390249e-08,-4.459385924334803e-16,2.220446049250313e-16,True
-4.495,9.48272905005843e-07,-0.6896084267270951,-0.689629416365704,2.0989638608859273e-05,-2.0707060099085917,1.3810765935428877,1.3810975831814971,1.4286945692132207e-08,1.3708562546034154e-15,6.661338147750939e-16,True
-4.525,9.058966447208388e-07,-0.6896084691033554,-0.6896263283850457,1.7859281690291162e-05,-2.083946275187746,1.3943199468027003,1.394337806084391,1.3956827739532163e-08,1.5812069260845237e-16,4.440892098500626e-16,True
-4.545,8.782250458439197e-07,-0.6896084967749543,-0.6896243865079399,1.5889732985607807e-05,-2.0926608911851545,1.4030365046772146,1.4030523944102007,1.3712636733750829e-08,7.536342958163949e-16,6.661338147750939e-16,True
-4.575,8.376725599149655e-07,-0.6896085373274402,-0.6896216401727218,1.3102845281554032e-05,-2.1055616721212966,1.4159400319485749,1.4159531347938568,-1.3317841090159212e-08,-3.879154850072709e-15,1.7763568394002505e-15,True
-4.595,8.113138529390902e-07,-0.6896085636861471,-0.6896199154759208,1.1351789773739185e-05,-2.1140464807263264,1.4244265652504056,1.4244379170401795,-1.3039551157191238e-08,2.6240927014691563e-15,1.3322676295501878e-15,True
-4.635,7.603113733091414e-07,-0.6896086146886268,-0.6896167070166052,8.092327978381775e-06,-2.130733461434535,1.4411167544179295,1.4411248467459083,1.2457189239251988e-08,4.344932844601111e-15,2.220446049250313e-15,True
-4.655,7.356965558853645e-07,-0.6896086393034442,-0.6896152174220853,6.5781186411317805e-06,-2.1389334707968737,1.4493182533747884,1.4493248314934295,1.2157084267860863e-08,4.977626976895163e-16,2.220446049250313e-16,True
-4.675,7.116857972742146e-07,-0.6896086633142028,-0.6896138005668494,5.137252646614243e-06,-2.14703640107145,1.457422600504601,1.4574277377572475,1.1853324312114202e-08,4.845220580517915e-16,4.440892098500626e-16,True
-4.695,6.882848656305664e-07,-0.6896086867151344,-0.6896124538317894,3.76711665495133e-06,-2.155041196106762,1.4654287422749728,1.4654325093916278,1.1547418937704937e-08,1.0679446979579488e-15,1.7763568394002505e-15,True
-4.715,6.654967488653978e-07,-0.6896087095032513,-0.689611174706294,2.4652030427008143e-06,-2.1629468099799443,1.4733356352736502,1.473338100476693,1.1240679132369083e-08,-2.9078293162841463e-16,2.220446049250313e-16,True
-4.735,6.43321932765643e-07,-0.6896087316780674,-0.6896099607829925,1.2291049251711428e-06,-2.1707522070745497,1.481142246291557,1.481143475396483,-1.0934263929587807e-08,-2.329630194871025e-15,1.9984014443252818e-15,True
-4.755,6.217587134032675e-07,-0.6896087532412867,-0.6896088097527656,5.6511478940812765e-08,-2.178456362157905,1.4888475524051397,1.4888476089166187,1.0629195725680735e-08,2.830703147265619e-17,4.440892098500626e-16,True
-4.785,5.905522301684262e-07,-0.68960878444777,-0.6896071963097581,1.5881380118765165e-06,-2.189820549077329,1.500213352767571,1.5002117646295594,1.0176091249283607e-08,-1.0859410296256329e-16,4.440892098500626e-16,True
-4.845,5.321585499597223e-07,-0.6896088428414501,-0.6896043510515476,4.491789902472121e-06,-2.211845229670908,1.5222408786193604,1.522236386829458,-9.294739928067462e-09,3.730084832689532e-15,1.7763568394002505e-15,True
-4.865,5.138541025546355e-07,-0.6896088611458975,-0.6896035086183729,5.3525275245380755e-06,-2.2189746989459564,1.5293711903275835,1.5293658378000592,-9.010366165607597e-09,-9.648278123039282e-16,8.881784197001252e-16,True
-4.915,4.705330840637326e-07,-0.689608904466916,-0.6896016174507714,7.287016144608138e-06,-2.236325349606323,1.5467237321555514,1.5467164451394073,8.323842658971594e-09,1.6098210407918235e-15,8.881784197001252e-16,True
-4.945,4.4615542648772575e-07,-0.6896089288445736,-0.6896006218625521,8.306982021477616e-06,-2.2464067053003167,1.5568060834377646,1.5567977764557435,-7.930012701529187e-09,6.402177973608591e-16,1.5543122344752192e-15,True
-4.975,4.229378348808876e-07,-0.6896089520621652,-0.6895997242063463,9.227855818916275e-06,-2.256237501389497,1.5666377771831508,1.5666285493273324,-7.550542189265375e-09,9.76048882224747e-16,8.881784197001252e-16,True
-4.995,4.080823832880307e-07,-0.6896089669176168,-0.6895991777432459,9.789174370888887e-06,-2.262650667319612,1.573051489576366,1.5730417004019952,7.305731822564339e-09,1.1844781149970404e-15,4.440892098500626e-16,True
-5.015,3.9370996209223306e-07,-0.689608981290038,-0.689598671234446,1.0310055592044343e-05,-2.268950242408077,1.579351571173631,1.579341261118039,7.067533605994655e-09,5.611770869329127e-16,2.220446049250313e-16,True
-5.045,3.7302788930975266e-07,-0.6896090019721107,-0.6895979834748212,1.101849728957216e-05,-2.2781847177725,1.588586734297679,1.5885757158003893,-6.722730466273373e-09,-6.983469240428863e-16,1.1102230246251565e-15,True
-5.075,3.5335771499466105e-07,-0.6896090216422851,-0.689597378303737,1.1643338548084081e-05,-2.2871587597224163,1.5975613814186793,1.5975497380801313,6.39292799530937e-09,-3.240572803589399e-16,6.661338147750939e-16,True
-5.095,3.4078426091742504e-07,-0.6896090342157392,-0.6895970187115207,1.2015504218476636e-05,-2.2929953661917772,1.6033983474802564,1.6033863319760382,6.181344417008003e-09,2.516377962181567e-15,1.3322676295501878e-15,True
-5.135,3.168740679062138e-07,-0.6896090581259322,-0.6895963995865471,1.2658539385146383e-05,-2.304314258379618,1.6147178587930708,1.614705200253686,5.77781217758511e-09,-1.3374138354021667e-15,1.1102230246251565e-15,True
-5.155,3.0551135078637836e-07,-0.6896090694886493,-0.6895961378530658,1.2931635583468548e-05,-2.3097949279212595,1.6201987900681938,1.6201858584326105,5.585702366487028e-09,-3.2380184221906916e-15,1.5543122344752192e-15,True
-5.1850000000000005,2.891718564311077e-07,-0.6896090858281436,-0.6895958020857568,1.3283742386849262e-05,-2.317790234612655,1.6281944325268984,1.6281811487845115,5.3093732868127554e-09,-1.348802131454608e-15,6.661338147750939e-16,True
-5.235,2.637149001185422e-07,-0.6896091112850999,-0.6895953857731963,1.3725511903595056e-05,-2.3305074613564747,1.6409120755832785,1.6408983500713747,4.8794147276256736e-09,1.763120319541778e-15,1.3322676295501878e-15,True
-5.255,2.541183944565002e-07,-0.6896091208816056,-0.6895952666521634,1.385422944222281e-05,-2.3353792567733267,1.6457839901211633,1.6457701358917212,4.717803651958324e-09,3.133615166001394e-15,1.5543122344752192e-15,True
-5.275,2.4483936856495514e-07,-0.6896091301606315,-0.6895951732711517,1.395688947980478e-05,-2.3401270386499267,1.6505318653787748,1.6505179084892956,4.561912701754763e-09,3.442901502339224e-16,8.881784197001252e-16,True
-5.335,2.187952770330572e-07,-0.6896091562047231,-0.6895950390949274,1.4117109795708238e-05,-2.3536191860145457,1.6640241469196182,1.664010029809823,4.127310717566351e-09,-1.2776764455408526e-15,6.661338147750939e-16,True
-5.365,2.067152458575084e-07,-0.6896091682847543,-0.6895950491241645,1.411916058979834e-05,-2.359938430995928,1.6703433818717635,1.6703292627111739,3.927744158124883e-09,-1.3153536612546049e-15,6.661338147750939e-16,True
-5.415,1.8785836031105853e-07,-0.6896091871416398,-0.6895951712246401,1.4015916999676747e-05,-2.3698303877017084,1.6802352164770684,1.6802212005600685,-3.6198224118201843e-09,4.036863104059543e-15,1.9984014443252818e-15,True
-5.4350000000000005,1.8073420457931697e-07,-0.6896091942657955,-0.6895952548594368,1.3939406358631778e-05,-2.373561257171188,1.683966002311751,1.6839520629053928,-3.504893724037741e-09,2.0020358971601473e-15,8.881784197001252e-16,True
-5.455,1.7383538477933507e-07,-0.6896092011646153,-0.6895953573466064,1.3843818008951736e-05,-2.3771620991022226,1.6875667417556164,1.6875528979376073,3.3944824822937163e-09,7.2826006380976165e-16,1.5543122344752192e-15,True
-5.485,1.6389024692949225e-07,-0.6896092111097532,-0.6895955449840645,1.3666125688649444e-05,-2.382318239502057,1.6927226945179925,1.6927090283923039,3.237031267108026e-09,1.1017668700332421e-15,4.440892098500626e-16,True
-5.555,1.4241892933439088e-07,-0.6896092325810708,-0.689596130027407,1.3102553663713046e-05,-2.393195153044674,1.7035990230172668,1.7035859204636032,-2.9055627073801493e-09,2.0426910190842507e-15,1.1102230246251565e-15,True
-5.585,1.3389552569713212e-07,-0.6896092411044744,-0.6895964389859688,1.280211850562818e-05,-2.397357552673172,1.7077611136872033,1.7077483115686982,2.777919896386431e-09,4.479864066349421e-15,2.220446049250313e-15,True
-5.645,1.1793710451254058e-07,-0.6896092570628956,-0.6895971515384438,1.2105524451744287e-05,-2.404774429542863,1.715177278004419,1.7151651724799677,2.5465474745679442e-09,1.4242609298997198e-15,1.5543122344752192e-15,True
-5.695,1.056375981011549e-07,-0.689609269362402,-0.6895978332016827,1.1436160719302535e-05,-2.4100225247587477,1.720424691557065,1.7204132553963458,-2.3763987345371338e-09,-2.3610927906063305e-16,1.3322676295501878e-15,True
-5.715,1.0094781470791644e-07,-0.6896092740521854,-0.6895981263088294,1.1147743355977013e-05,-2.4118825969662208,1.7222844706573914,1.722273322914036,-2.313744562188315e-09,-1.1631605378951448e-15,6.661338147750939e-16,True
-5.735,9.638037476289526e-08,-0.6896092786196253,-0.6895984303657091,1.0848253916173611e-05,-2.4136053406908013,1.7240069103250923,1.7239960620711763,2.254045907412863e-09,1.6304973950400172e-15,8.881784197001252e-16,True
-5.755,9.192946554756484e-08,-0.6896092830705345,-0.6895987448983871,1.0538172147356306e-05,-2.415190332616942,1.7255915877185548,1.7255810495464077,-2.197209830842012e-09,-3.015900871099305e-15,1.5543122344752192e-15,True
-5.8149999999999995,7.922026591523112e-08,-0.6896092957797342,-0.689599746748746,9.549030988154072e-06,-2.4191147637098354,1.7295150169610893,1.7295054679301014,-2.0430833441865943e-09,-2.545705063014726e-16,1.9984014443252818e-15,True
-5.845,7.319475147877024e-08,-0.6896093018052486,-0.6896002776783298,9.02412691883292e-06,-2.420607435886057,1.7310071582077273,1.7309981340808085,1.9747685824436723e-09,-1.1315538104066966e-15,1.3322676295501878e-15,True
-5.875,6.736583562218237e-08,-0.6896093076341645,-0.6896008266633264,8.480970838053992e-06,-2.4217854666110648,1.7321846399477383,1.7321761589769002,-1.9119746832764472e-09,1.5263661024674231e-15,6.661338147750939e-16,True
-5.915,5.987177852560974e-08,-0.6896093151282215,-0.6896015842880032,7.730840218322932e-06,-2.422864798116386,1.7332632138283828,1.7332554829881648,1.8364909936727152e-09,3.636684187054014e-16,2.220446049250313e-16,True
-5.945,5.4439435726806644e-08,-0.6896093205605643,-0.6896021699544902,7.150606074146637e-06,-2.423304409878912,1.7337022399244217,1.733695089318348,1.7858069919375185e-09,-2.310457463141883e-16,1.5543122344752192e-15,True
-5.985,4.741889399375853e-08,-0.689609327581106,-0.6896029715536665,6.356027439591294e-06,-2.4233955408258896,1.7337925692722231,1.7337862132447837,1.725780813140877e-09,2.3989171055874644e-15,1.3322676295501878e-15,True
-6.005,4.3994426538655595e-08,-0.6896093310055735,-0.6896033803531326,5.950652440911419e-06,-2.423228361453842,1.7336249811007094,1.7336190304482688,1.6989239300395617e-09,-1.4351073262710308e-14,7.771561172376096e-15,True
-6.045,3.729652010446682e-08,-0.68960933770348,-0.6896042120434409,5.125660039073665e-06,-2.4224673024614014,1.7328630904179605,1.7328579647579214,-1.6512659741387654e-09,-1.7140014669366373e-15,8.881784197001252e-16,True
-6.0649999999999995,3.4015068960626033e-08,-0.6896093409849311,-0.6896046341837128,4.706801218334888e-06,-2.421872979285419,1.7322683451017062,1.7322636383004881,-1.6304210241229033e-09,2.682450119439912e-15,1.3322676295501878e-15,True
-6.085,3.077339912159851e-08,-0.6896093442266009,-0.6896050600267433,4.284199857651494e-06,-2.421135853904142,1.7315307938773987,1.7315265096775414,1.6114832621481793e-09,3.061474605448819e-15,1.3322676295501878e-15,True
-6.115,2.5977110430082485e-08,-0.6896093490228896,-0.689605704933896,3.6440889936706355e-06,-2.4197620045204236,1.7301562995865276,1.7301526554975344,1.5866640646951308e-09,3.498459473778846e-16,2.220446049250313e-16,True
-6.135,2.2818227880324693e-08,-0.6896093521817722,-0.689606138438739,3.213743033247951e-06,-2.4186670815715714,1.7290609431328323,1.7290577293897995,-1.5724430792786853e-09,1.221801156464679e-14,7.105427357601002e-15,True
-6.175,1.657653524346944e-08,-0.6896093584234648,-0.6896070123950806,2.346028384225818e-06,-2.416046894942709,1.7264398825476284,1.7264375365192446,1.5495527541492996e-09,-2.965541505545323e-15,1.5543122344752192e-15,True
-6.195,1.3486425419702336e-08,-0.6896093615135747,-0.689607452135908,1.9093776666423423e-06,-2.4145213643760206,1.7249139122401127,1.7249120028624463,-1.5408057353074034e-09,-1.2853680297862591e-15,6.661338147750939e-16,True
-6.215,1.0399470664773503e-08,-0.6896093646005295,-0.6896078932480398,1.4713524896237118e-06,-2.4128520537269966,1.7232441604789568,1.7232426891264672,-1.508811465918089e-09,-7.207715181971272e-10,3.6038660944370804e-10,True
-6.235,7.349658154019124e-09,-0.689609367650342,-0.6896083353807045,1.0322696374354123e-06,-2.411038863568032,1.7214305281873277,1.7214294959176908,1.5286942609899242e-09,7.456522375716844e-16,1.9984014443252818e-15,True
-6.265,2.678822990834733e-09,-0.6896093723211771,-0.6896089997291208,3.7259205631912096e-07,-2.4080491202303023,1.7184401205011814,1.7184397479091251,-1.3398317427621656e-09,1.9312621859763056e-10,9.656364596821732e-11,True
-6.2815925,2.425429442724061e-10,-0.6896093747574571,-0.6896093673924768,7.364980292301482e-09,-2.406260488148047,1.7166511207555701,1.71665111339059,4.853026040797224e-10,1.7648182002862887e-15,8.881784197001252e-16,True
