beta,Gamma,gamma,gamma_AS,region,lambda_abs_100,seed_re_phi,comp_re_phi,phi_pref_conv2,seed_full_exponent,comp_full_exponent,seed_error_full_minus_lambda,comp_error_full_minus_lambda,seed_residual_inf,comp_residual_inf,comp_certified
0.4,1.0,-1.0,1.746484375,inside_abs_gamma_lt_gamma_AS,-0.5036140578364674,0.18784957831043847,0.10701422461996435,-0.689609375,-0.5017597966895615,-0.5825951503800356,0.0018542611469059,-0.07898109254356822,3.820199830714189e-15,5.329070518200751e-15,True
0.4,1.3,-1.3,1.746484375,inside_abs_gamma_lt_gamma_AS,-0.5528701804975984,0.13828250379562657,0.07777976240738282,-0.689609375,-0.5513268712043734,-0.6118296125926171,0.0015433092932249926,-0.05895943209501875,1.0555880013644903e-14,5.329070518200751e-15,True
0.4,1.5,-1.5,1.746484375,inside_abs_gamma_lt_gamma_AS,-0.6035388880247659,0.08701751870337038,0.0522006462192488,-0.689609375,-0.6025918562966296,-0.6374087287807512,0.0009470317281362606,-0.033869840755985314,1.832615477661292e-14,5.329070518200751e-15,True
0.4,1.6,-1.6,1.746484375,inside_abs_gamma_lt_gamma_AS,-0.6326267659947717,0.0568643066077823,0.03667537504884533,-0.689609375,-0.6327450683922177,-0.6529339999511546,-0.00011830239744592408,-0.020307233956382897,5.329070518200751e-15,3.9968028886505635e-15,True
0.4,1.7,-1.7,1.746484375,inside_abs_gamma_lt_gamma_AS,-0.6614220467397233,0.024483885645568915,0.018935188976919592,-0.689609375,-0.665125489354431,-0.6706741860230804,-0.003703442614707786,-0.009252139283357108,1.0923150274288002e-14,3.9968028886505635e-15,True
0.4,1.75,-1.75,1.746484375,outside_abs_gamma_gt_gamma_AS,-0.6734406722022029,0.00812832793135776,0.009714243343612372,-0.689609375,-0.6814810470686422,-0.6798951316563876,-0.00804037486643927,-0.006454459454184658,2.7090913443508544e-11,0.0,True
0.4,1.8,-1.8,1.746484375,outside_abs_gamma_gt_gamma_AS,-0.6821221914984633,-0.00823412790355782,0.004456059143486124,-0.689609375,-0.6978435029035578,-0.6851533158565138,-0.015721311405094474,-0.00303112435805053,4.965068306494546e-15,3.552713678800501e-15,True
0.4,1.825,-1.825,1.746484375,outside_abs_gamma_gt_gamma_AS,-0.6851516169765334,-0.01710878810348193,0.0026242179940499932,-0.689609375,-0.7067181631034819,-0.68698515700595,-0.021566546126948527,-0.0018335400294166027,1.0555880013644903e-14,7.549516567451064e-15,True
0.4,1.85,-1.85,1.746484375,outside_abs_gamma_gt_gamma_AS,-0.6874697831299916,-0.02635270101941467,0.0011439256725768177,-0.689609375,-0.7159620760194146,-0.6884654493274232,-0.02849229288942301,-0.0009956661974315217,8.881784197001252e-15,1.887379141862766e-15,True
0.4,1.875,-1.875,1.746484375,outside_abs_gamma_gt_gamma_AS,-0.6892363423649622,-0.03592748078468633,-5.6629136707342376e-05,-0.689609375,-0.7255368557846863,-0.6896660041367073,-0.03630051341972407,-0.00042966177174508235,1.2568587680026249e-14,5.551115123125783e-15,True
0.4,1.9,-1.9,1.746484375,outside_abs_gamma_gt_gamma_AS,-0.6905886105948106,-0.045804743851053153,-0.001028973269858624,-0.689609375,-0.7354141188510531,-0.6906383482698586,-0.04482550825624254,-4.973767504801163e-05,4.705040823708615e-15,6.63358257213531e-14,True
0.4,1.95,-1.95,1.746484375,outside_abs_gamma_gt_gamma_AS,-0.6924335455461794,-0.06638134413484265,-0.0024375068245861553,-0.689609375,-0.7559907191348426,-0.6920468818245862,-0.0635571735886632,0.0003866637215932389,7.016114633318831e-15,7.105427357601002e-15,True
0.4,2.0,-2.0,1.746484375,outside_abs_gamma_gt_gamma_AS,-0.6935205691827037,-0.08794504878272669,-0.003309610980218314,-0.689609375,-0.7775544237827267,-0.6929189859802183,-0.084033854600023,0.0006015832024853784,7.160723346098895e-15,1.3322676295501878e-14,True
0.4,2.05,-2.05,1.746484375,outside_abs_gamma_gt_gamma_AS,-0.6941182413607249,-0.11039365343344354,-0.003799183134821138,-0.689609375,-0.8000030284334435,-0.693408558134821,-0.10588478707271864,0.0007096832259038122,1.1374233532693354e-14,1.8137593052014544e-14,True
0.4,2.1,-2.1,1.746484375,outside_abs_gamma_gt_gamma_AS,-0.6943843812499223,-0.1336455905041367,-0.004015789282915294,-0.689609375,-0.8232549655041367,-0.6936251642829152,-0.12887058425421438,0.0007592169670070925,1.040534282191528e-14,8.881784197001252e-15,True
0.45,1.0,-1.0,1.7824218749999998,inside_abs_gamma_lt_gamma_AS,-0.49125832004204356,0.20033819807444783,0.11332012049948936,-0.689609375,-0.4892711769255521,-0.5762892545005106,0.001987143116491452,-0.08503093445846704,7.716050021144838e-15,6.217248937900877e-15,True
0.45,1.3,-1.3,1.7824218749999998,inside_abs_gamma_lt_gamma_AS,-0.5380170364178981,0.15328490978663434,0.08714169194507548,-0.689609375,-0.5363244652133656,-0.6024676830549245,0.0016925712045324781,-0.06445064663702638,5.564421850464315e-15,7.993605777301127e-15,True
0.45,1.5,-1.5,1.7824218749999998,inside_abs_gamma_lt_gamma_AS,-0.5872950491755337,0.10350167717352488,0.06265889343688169,-0.689609375,-0.5861076978264751,-0.6269504815631183,0.001187351349058563,-0.03965543238758462,1.1800037420250344e-14,5.773159728050814e-15,True
0.45,1.6,-1.6,1.7824218749999998,inside_abs_gamma_lt_gamma_AS,-0.6160710336280721,0.07395652984050871,0.04765357469287612,-0.689609375,-0.6156528451594913,-0.6419558003071238,0.0004181884685808823,-0.025884766679051707,2.128387593515725e-14,3.552713678800501e-15,True
0.45,1.7,-1.7,1.7824218749999998,inside_abs_gamma_lt_gamma_AS,-0.6458562476656771,0.041899215119114874,0.030558367360908445,-0.689609375,-0.6477101598808851,-0.6590510076390915,-0.0018539122152080312,-0.01319475997341446,5.617333549722722e-15,3.552713678800501e-15,True
0.45,1.75,-1.75,1.7824218749999998,inside_abs_gamma_lt_gamma_AS,-0.6597025729539907,0.025214329157446702,0.021112448066890943,-0.689609375,-0.6643950458425533,-0.668496926933109,-0.00469247288856256,-0.008794353979118319,4.120161087906676e-13,6.217248937900877e-15,True
0.45,1.8,-1.8,1.7824218749999998,outside_abs_gamma_gt_gamma_AS,-0.6711757346642848,0.008757612929317649,0.012752415647666382,-0.689609375,-0.6808517620706823,-0.6768569593523336,-0.009676027406397503,-0.005681224688048769,1.1031137404813577e-14,0.0,True
0.45,1.825,-1.825,1.7824218749999998,outside_abs_gamma_gt_gamma_AS,-0.6756318556806239,0.0005018123846838307,0.010091211355711338,-0.689609375,-0.6891075626153161,-0.6795181636442886,-0.013475706934692244,-0.003886307963664737,4.001101219584787e-15,6.217248937900877e-15,True
0.45,1.85,-1.85,1.7824218749999998,outside_abs_gamma_gt_gamma_AS,-0.6792035925934957,-0.008202620426392748,0.007942344762240428,-0.689609375,-0.6978119954263927,-0.6816670302377595,-0.018608402832896997,-0.0024634376442638217,5.420799638382024e-15,3.552713678800501e-15,True
0.45,1.875,-1.875,1.7824218749999998,outside_abs_gamma_gt_gamma_AS,-0.681999721392872,-0.017286722749251027,0.006173004734497112,-0.689609375,-0.706896097749251,-0.6834363702655029,-0.02489637635637898,-0.0014366488726308413,5.564421850464315e-15,4.884981308350689e-15,True
0.45,1.9,-1.9,1.7824218749999998,outside_abs_gamma_gt_gamma_AS,-0.684175140364432,-0.026707480370860903,0.004702505545551627,-0.689609375,-0.7163168553708609,-0.6849068694544483,-0.03214171500642882,-0.0007317290900162865,6.0402662910232525e-15,1.3955503419538218e-13,True
0.45,1.95,-1.95,1.7824218749999998,outside_abs_gamma_gt_gamma_AS,-0.6872269520670902,-0.0464432304799649,0.002449011516065469,-0.689609375,-0.7360526054799649,-0.6871603634839345,-0.0488256534128747,6.658858315566896e-05,5.0242958677880805e-15,1.0658141036401503e-14,True
0.45,2.0,-2.0,1.7824218749999998,outside_abs_gamma_gt_gamma_AS,-0.6891761954758263,-0.06723481042151702,0.0008786172044469298,-0.689609375,-0.756844185421517,-0.688730757795553,-0.06766798994569068,0.00044543768027327513,1.9178279303923403e-14,5.329070518200751e-15,True
0.45,2.05,-2.05,1.7824218749999998,outside_abs_gamma_gt_gamma_AS,-0.6904460478396021,-0.08896148181486652,-0.00020035226873582612,-0.689609375,-0.7785708568148665,-0.6898097272687358,-0.08812480897526442,0.0006363205708662667,1.8239739862776356e-15,1.7763568394002505e-15,True
0.45,2.1,-2.1,1.7824218749999998,outside_abs_gamma_gt_gamma_AS,-0.6912612928843253,-0.1115309648237357,-0.000920088909980632,-0.689609375,-0.8011403398237357,-0.6905294639099806,-0.10987904693941042,0.0007318289743446504,5.9580819677934555e-15,1.1546319456101628e-14,True
0.5,1.0,-1.0,1.816796875,inside_abs_gamma_lt_gamma_AS,-0.4817351311464556,0.2099639577839253,0.11667392524428777,-0.689609375,-0.4796454172160747,-0.5729354497557122,0.002089713930380932,-0.09120031860925659,3.820199830714189e-15,9.325873406851315e-15,True
0.5,1.3,-1.3,1.816796875,inside_abs_gamma_lt_gamma_AS,-0.5261510448854466,0.16525723900098999,0.09404219653823365,-0.689609375,-0.52435213599901,-0.5955671784617663,0.0017989088864366343,-0.0694161335763197,2.9790409838967277e-15,5.329070518200751e-15,True
0.5,1.5,-1.5,1.816796875,inside_abs_gamma_lt_gamma_AS,-0.5740946284517983,0.11685361502034763,0.07081379387415399,-0.689609375,-0.5727557599796523,-0.618795581125846,0.0013388684721459265,-0.04470095267404772,1.0555880013644903e-14,6.661338147750939e-15,True
0.5,1.6,-1.6,1.816796875,inside_abs_gamma_lt_gamma_AS,-0.6024287638478838,0.0879046019628249,0.05633950539177035,-0.689609375,-0.6017047730371751,-0.6332698696082296,0.0007239908107087301,-0.03084110576034582,1.971333774180344e-14,1.0658141036401503e-14,True
0.5,1.7,-1.7,1.816796875,inside_abs_gamma_lt_gamma_AS,-0.6324304074946518,0.05628920435709572,0.039806478871321715,-0.689609375,-0.6333201706429042,-0.6498028961286783,-0.0008897631482523982,-0.017372488634026406,8.379058453350832e-15,3.552713678800501e-15,True
0.5,1.75,-1.75,1.816796875,inside_abs_gamma_lt_gamma_AS,-0.6471367701335353,0.03967546844319303,0.030706690891290744,-0.689609375,-0.6499339065568069,-0.6589026841087092,-0.002797136423271618,-0.011765913975173903,1.0841599276764049e-14,3.872860029715843e-15,True
0.5,1.8,-1.8,1.816796875,inside_abs_gamma_lt_gamma_AS,-0.6603934270463193,0.022750068290387837,0.02096065177435036,-0.689609375,-0.6668593067096121,-0.6686487232256496,-0.006465879663292817,-0.008255296179330296,5.329070518200751e-15,3.9968028886505635e-15,True
0.5,1.825,-1.825,1.816796875,outside_abs_gamma_gt_gamma_AS,-0.6660197127724176,0.014332951909755032,0.017180608030285427,-0.689609375,-0.6752764230902449,-0.6724287669697145,-0.009256710317827377,-0.006409054197296982,7.906783589979251e-15,0.0,True
0.5,1.85,-1.85,1.816796875,outside_abs_gamma_gt_gamma_AS,-0.6707831066732507,0.0061867316422934415,0.014320909165941309,-0.689609375,-0.6834226433577065,-0.6752884658340587,-0.012639536684455832,-0.004505359160807965,4.7207330545682824e-15,7.061018436615996e-14,True
0.5,1.875,-1.875,1.816796875,outside_abs_gamma_gt_gamma_AS,-0.674660868762668,-0.002429935780607906,0.011991705601754554,-0.689609375,-0.6920393107806079,-0.6776176693982454,-0.01737844201793992,-0.002956800635577461,9.930136612989092e-15,5.329070518200751e-15,True
0.5,1.9,-1.9,1.816796875,outside_abs_gamma_gt_gamma_AS,-0.677739994079024,-0.011427493111688225,0.010049581095914695,-0.689609375,-0.7010368681116882,-0.6795597939040853,-0.023296874032664228,-0.0018197998250613079,5.0242958677880805e-15,5.00155472593633e-14,True
0.5,1.95,-1.95,1.816796875,outside_abs_gamma_gt_gamma_AS,-0.6820951707280328,-0.030399606531359424,0.0070184026329553895,-0.689609375,-0.7200089815313594,-0.6825909723670446,-0.037913810803326564,-0.0004958016390117503,9.441466109136565e-15,5.329070518200751e-15,True
0.5,2.0,-2.0,1.816796875,outside_abs_gamma_gt_gamma_AS,-0.6849129780618091,-0.05049972064764274,0.004815572558218517,-0.689609375,-0.7401090956476427,-0.6847938024417815,-0.05519611758583365,0.00011917562002761173,5.178925639311149e-15,5.329070518200751e-15,True
0.5,2.05,-2.05,1.816796875,outside_abs_gamma_gt_gamma_AS,-0.686828271962007,-0.07158428532570849,0.0032043649920374118,-0.689609375,-0.7611936603257085,-0.6864050100079626,-0.07436538836370143,0.00042326195404440714,1.3322676295501878e-14,7.993605777301127e-15,True
0.5,2.1,-2.1,1.816796875,outside_abs_gamma_gt_gamma_AS,-0.6881622727012711,-0.09354899211806167,0.0020286534079318463,-0.689609375,-0.7831583671180616,-0.6875807215920682,-0.09499609441679058,0.0005815511092028824,5.617333549722722e-15,8.533500000699278e-14,True
0.5433996421,1.0,-1.0,1.8332031249999998,inside_abs_gamma_lt_gamma_AS,-0.4756371413805523,0.21613463946567935,0.11724347266901339,-0.689609375,-0.4734747355343206,-0.5723659023309866,0.002162405846231674,-0.09672876095043431,5.329070518201092e-15,8.881784197001252e-15,True
0.5433996421,1.3,-1.3,1.8332031249999998,inside_abs_gamma_lt_gamma_AS,-0.5181242853312322,0.17335282991719547,0.09805126036391831,-0.689609375,-0.5162565450828045,-0.5915581146360817,0.0018677402484277295,-0.07343382930484943,6.050715484207103e-15,5.995204332975845e-15,True
0.5433996421,1.5,-1.5,1.8332031249999998,inside_abs_gamma_lt_gamma_AS,-0.5649601336179731,0.12607542069144584,0.07606004545403422,-0.689609375,-0.5635339543085541,-0.6135493295459657,0.0014261793094190178,-0.0485891959279926,8.881784197001252e-15,4.884981308350689e-15,True
0.5433996421,1.6,-1.6,1.8332031249999998,inside_abs_gamma_lt_gamma_AS,-0.5928728664207294,0.09762496871458315,0.06207887037188198,-0.689609375,-0.5919844062854168,-0.627530504628118,0.0008884601353126298,-0.03465763820738854,1.5850936827610294e-14,3.885780586188048e-15,True
0.5433996421,1.7,-1.7,1.8332031249999998,inside_abs_gamma_lt_gamma_AS,-0.6227832064358142,0.0664200118437015,0.04602400199197598,-0.689609375,-0.6231893631562985,-0.643585373008024,-0.0004061567204842742,-0.02080216657220979,1.043790481629268e-14,5.329070518200751e-15,True
0.5433996421,1.75,-1.75,1.8332031249999998,inside_abs_gamma_lt_gamma_AS,-0.6378172375363307,0.049941961090229636,0.03718308643328583,-0.689609375,-0.6396674139097703,-0.6524262885667141,-0.0018501763734396492,-0.014609051030383458,3.956274724438741e-14,5.329070518200751e-15,True
0.5433996421,1.8,-1.8,1.8332031249999998,inside_abs_gamma_lt_gamma_AS,-0.6519641927815433,0.033028339467374934,0.02775168150925933,-0.689609375,-0.656581035532625,-0.6618576934907406,-0.004616842751081762,-0.009893500709197367,4.813252173637169e-15,6.217248937900877e-15,True
0.5433996421,1.825,-1.825,1.8332031249999998,inside_abs_gamma_lt_gamma_AS,-0.6582965034599667,0.02448419375221844,0.02285574049614203,-0.689609375,-0.6651251812477815,-0.6667536345038579,-0.006828677787814819,-0.00845713104389123,5.617333549722722e-15,5.329070518200751e-15,True
0.5433996421,1.85,-1.85,1.8332031249999998,outside_abs_gamma_gt_gamma_AS,-0.6638869072384339,0.01593248793911073,0.019243190453911208,-0.689609375,-0.6736768870608892,-0.6703661845460888,-0.00978997982245533,-0.0064792773076548515,5.178925639311149e-15,0.0,True
0.5433996421,1.875,-1.875,1.8332031249999998,outside_abs_gamma_gt_gamma_AS,-0.6686138720369089,0.007751919614465308,0.016425620714253353,-0.689609375,-0.6818574553855347,-0.6731837542857466,-0.013243583348625743,-0.004569882248837698,6.6018607235733855e-15,4.440892098500626e-15,True
0.5433996421,1.9,-1.9,1.8332031249999998,outside_abs_gamma_gt_gamma_AS,-0.6724668034251918,-0.0008989692835741359,0.014099270608312287,-0.689609375,-0.6905083442835741,-0.6755101043916877,-0.018041540858382277,-0.0030433009664958544,5.378563221515803e-15,2.220446049250313e-15,True
0.5433996421,1.95,-1.95,1.8332031249999998,outside_abs_gamma_gt_gamma_AS,-0.6779843253081687,-0.01926136560693914,0.010462483377231768,-0.689609375,-0.7088707406069391,-0.6791468916227682,-0.030886415298770453,-0.0011625663145995446,8.887070559505145e-15,4.440892098500626e-15,True
0.5433996421,2.0,-2.0,1.8332031249999998,outside_abs_gamma_gt_gamma_AS,-0.6815451570339839,-0.038817405681864425,0.007780734952608115,-0.689609375,-0.7284267806818644,-0.6818286400473919,-0.04688162364788051,-0.0002834830134079702,9.739636741317752e-15,5.329070518200751e-15,True
0.5433996421,2.05,-2.05,1.8332031249999998,outside_abs_gamma_gt_gamma_AS,-0.6839797358845447,-0.05939974203924425,0.005770845726064122,-0.689609375,-0.7490091170392442,-0.6838385292739358,-0.06502938115469947,0.0001412066106089016,1.013652469562605e-14,3.837241711138119e-14,True
0.5433996421,2.1,-2.1,1.8332031249999998,outside_abs_gamma_gt_gamma_AS,-0.6857178428956712,-0.08089268890724544,0.00425469405112211,-0.689609375,-0.7705020639072454,-0.6853546809488779,-0.08478422101157423,0.00036316194679331115,6.217248937900877e-15,4.440892098500626e-15,True
0.575,1.0,-1.0,1.8488281250000003,inside_abs_gamma_lt_gamma_AS,-0.47240987222538017,0.2194082030555291,0.1163039503920659,-0.689609375,-0.47020117194447086,-0.5733054246079341,0.0022087002809093037,-0.10089555238255393,3.614624287906422e-15,1.0658141036401503e-14,True
0.575,1.3,-1.3,1.8488281250000003,inside_abs_gamma_lt_gamma_AS,-0.5135441378942663,0.17797310910418512,0.09981482016907439,-0.689609375,-0.5116362658958149,-0.5897945548309256,0.001907871998451438,-0.07625041693665924,3.972054645195637e-15,1.4876988529977098e-14,True
0.575,1.5,-1.5,1.8488281250000003,inside_abs_gamma_lt_gamma_AS,-0.5596011751390448,0.13147997872677086,0.07882439306793199,-0.689609375,-0.5581293962732291,-0.610784981932068,0.0014717788658157316,-0.051183806793023146,9.769962616701378e-15,5.773159728050814e-15,True
0.575,1.6,-1.6,1.8488281250000003,inside_abs_gamma_lt_gamma_AS,-0.5871992587224956,0.10338070326719229,0.06523099798106458,-0.689609375,-0.5862286717328077,-0.6243783770189354,0.0009705869896878827,-0.03717911829643983,6.311693569372732e-15,8.881784197001252e-15,True
0.575,1.7,-1.7,1.8488281250000003,inside_abs_gamma_lt_gamma_AS,-0.6169587785657271,0.07247768380692454,0.04953507667654211,-0.689609375,-0.6171316911930754,-0.6400742983234579,-0.00017291262734830948,-0.02311551975773074,1.0897306989663157e-14,1.4210854715202004e-14,True
0.575,1.75,-1.75,1.8488281250000003,inside_abs_gamma_lt_gamma_AS,-0.6320951798545508,0.056115919986497786,0.04087661730149805,-0.689609375,-0.6334934550135022,-0.6487327576985019,-0.001398275158951412,-0.016637577843951146,1.7185969125519676e-14,7.549516567451064e-15,True
0.575,1.8,-1.8,1.8488281250000003,inside_abs_gamma_lt_gamma_AS,-0.6466311620840172,0.03926803518087052,0.031645695941068475,-0.689609375,-0.6503413398191294,-0.6579636790589315,-0.0037101777351122855,-0.01133251697491433,1.490776228346169e-13,5.329070518200751e-15,True
0.575,1.825,-1.825,1.8488281250000003,inside_abs_gamma_lt_gamma_AS,-0.6533157028269717,0.030714597038906444,0.026796174095797154,-0.689609375,-0.6588947779610935,-0.6628132009042028,-0.005579075134121814,-0.009497498077231104,3.7682219008410606e-15,5.329070518200751e-15,True
0.575,1.85,-1.85,1.8488281250000003,outside_abs_gamma_gt_gamma_AS,-0.6593611864380859,0.021147840480489677,0.022380954751518578,-0.689609375,-0.6684615345195103,-0.6672284202484814,-0.009100348081424348,-0.007867233810395446,4.440892098500626e-15,0.0,True
0.575,1.875,-1.875,1.8488281250000003,outside_abs_gamma_gt_gamma_AS,-0.6646034095133667,0.013721510658381675,0.01919293658690191,-0.689609375,-0.6758878643416183,-0.6704164384130981,-0.011284454828251578,-0.005813028899731343,4.094300213216723e-15,1.0658141036401503e-14,True
0.575,1.9,-1.9,1.8488281250000003,outside_abs_gamma_gt_gamma_AS,-0.6689667005206317,0.0053131537663109185,0.01660320900887502,-0.689609375,-0.684296221233689,-0.673006165991125,-0.015329520713057376,-0.004039465470493275,7.160723346098895e-15,1.1546319456101628e-14,True
0.575,1.95,-1.95,1.8488281250000003,outside_abs_gamma_gt_gamma_AS,-0.675302850477932,-0.012633872906586685,0.012573535826182702,-0.689609375,-0.7022432479065867,-0.6770358391738173,-0.026940397428654617,-0.0017329886958852292,9.155133597044474e-15,6.217248937900877e-15,True
0.575,2.0,-2.0,1.8488281250000003,outside_abs_gamma_gt_gamma_AS,-0.679385046827057,-0.03182375030420603,0.009591131938141984,-0.689609375,-0.721433125304206,-0.680018243061858,-0.042048078477148976,-0.000633196234800959,5.420799638382024e-15,8.881784197001252e-15,True
0.575,2.05,-2.05,1.8488281250000003,outside_abs_gamma_gt_gamma_AS,-0.6821657389060547,-0.052069379763035606,0.007334443188682704,-0.689609375,-0.7416787547630356,-0.6822749318113173,-0.05951301585698088,-0.00010919290526256731,1.553677691793345e-14,3.842317550768588e-14,True
0.575,2.1,-2.1,1.8488281250000003,outside_abs_gamma_gt_gamma_AS,-0.6841634982554791,-0.07324642809857362,0.005608894895954952,-0.689609375,-0.7628558030985736,-0.684000480104045,-0.07869230484309453,0.00016301815143404674,9.565974336450906e-15,5.495603971894525e-14,True
0.625,1.0,-1.0,1.873046875,inside_abs_gamma_lt_gamma_AS,-0.4693126567670133,0.2225707941884878,0.11249909202878183,-0.689609375,-0.46703858081151217,-0.5771102829712181,0.002274075955501109,-0.10779762620420485,1.0658141036401503e-14,8.43769498715119e-15,True
0.625,1.3,-1.3,1.873046875,inside_abs_gamma_lt_gamma_AS,-0.5083800277283913,0.18318779055762185,0.10060304114973795,-0.689609375,-0.5064215844423781,-0.589006333850262,0.001958443286013245,-0.08062630612187072,3.972054645195637e-15,1.0658141036401503e-14,True
0.625,1.5,-1.5,1.873046875,inside_abs_gamma_lt_gamma_AS,-0.5532470662929755,0.1378833420454877,0.08139815087300495,-0.689609375,-0.5517260329545123,-0.608211224126995,0.0015210333384632069,-0.054964157834019534,6.404745667978754e-15,3.9968028886505635e-15,True
0.625,1.6,-1.6,1.873046875,inside_abs_gamma_lt_gamma_AS,-0.5803445729311946,0.11032041182438679,0.06848591401471937,-0.689609375,-0.5792889631756132,-0.6211234609852806,0.0010556097555813881,-0.04077888805408603,5.420799638382024e-15,3.9968028886505635e-15,True
0.625,1.7,-1.7,1.873046875,inside_abs_gamma_lt_gamma_AS,-0.6097845413699742,0.07989177625437383,0.05339906800188676,-0.689609375,-0.6097175987456261,-0.6362103069981132,6.6942624348032e-05,-0.02642576562813903,1.0658141036401503e-14,7.105427357601002e-15,True
0.625,1.75,-1.75,1.873046875,inside_abs_gamma_lt_gamma_AS,-0.6249466507300467,0.063727499605569,0.04503616899439322,-0.689609375,-0.625881875394431,-0.6445732060056067,-0.0009352246643842266,-0.01962655527556001,9.607118501968132e-15,4.440892098500626e-15,True
0.625,1.8,-1.8,1.873046875,inside_abs_gamma_lt_gamma_AS,-0.6398131791834775,0.04702617778348639,0.03611117374823136,-0.689609375,-0.6425831972165136,-0.6534982012517686,-0.0027700180330361146,-0.013685022068291142,5.339468714465245e-15,8.560778214030466e-15,True
0.625,1.825,-1.825,1.873046875,inside_abs_gamma_lt_gamma_AS,-0.6468471557294457,0.03851032803303989,0.031427597463073775,-0.689609375,-0.6510990469669601,-0.6581817775369262,-0.004251891237514349,-0.01133462180748046,6.420970327771634e-14,7.993605777301127e-15,True
0.625,1.85,-1.85,1.873046875,inside_abs_gamma_lt_gamma_AS,-0.653386365997228,0.0299170895914469,0.026584512292038065,-0.689609375,-0.6596922854085531,-0.6630248627079619,-0.006305919411325078,-0.009638496710733913,4.189529226675416e-15,3.552713678800501e-15,True
0.625,1.875,-1.875,1.873046875,outside_abs_gamma_gt_gamma_AS,-0.6592403289932769,0.021296789013764972,0.022653453114984234,-0.689609375,-0.668312585986235,-0.6669559218850157,-0.009072256992958105,-0.007715592891738843,5.974609272684766e-15,0.0,True
0.625,1.9,-1.9,1.873046875,outside_abs_gamma_gt_gamma_AS,-0.6642635889194561,0.012841889817392538,0.019680245503386207,-0.689609375,-0.6767674851826074,-0.6699291294966138,-0.012503896263151293,-0.005665540577157624,8.926082647349967e-15,4.0745185003743245e-14,True
0.625,1.95,-1.95,1.873046875,outside_abs_gamma_gt_gamma_AS,-0.6717536625870631,-0.00449686269753613,0.015128643355688975,-0.689609375,-0.6941062376975361,-0.674480731644311,-0.02235257511047295,-0.002727069057247844,1.0841599276764049e-14,1.509903313490213e-14,True
0.625,2.0,-2.0,1.873046875,outside_abs_gamma_gt_gamma_AS,-0.6765886572850033,-0.023156801425858298,0.01176622381200998,-0.689609375,-0.7127661764258583,-0.67784315118799,-0.036177519140854986,-0.0012544939029867086,4.965068306494546e-15,7.105427357601002e-15,True
0.625,2.05,-2.05,1.873046875,outside_abs_gamma_gt_gamma_AS,-0.6798449267643033,-0.042916060660799005,0.009204159034908954,-0.689609375,-0.732525435660799,-0.6804052159650911,-0.05268050889649567,-0.0005602892007877669,2.4985476309026235e-14,5.329070518200751e-15,True
0.625,2.1,-2.1,1.873046875,outside_abs_gamma_gt_gamma_AS,-0.6821826928995084,-0.06363661978377788,0.007222275115573384,-0.689609375,-0.7532459947837779,-0.6823870998844266,-0.07106330188426946,-0.00020440698491819287,9.130651302278166e-15,1.4567271078746933e-13,True
0.65,1.0,-1.0,1.876953125,inside_abs_gamma_lt_gamma_AS,-0.46866102925366365,0.22325250798132656,0.1095360295345893,-0.689609375,-0.4663568670186734,-0.5800733454654107,0.002304162234990248,-0.11141231621174702,2.288783399261119e-15,7.105427357601002e-15,True
0.65,1.3,-1.3,1.876953125,inside_abs_gamma_lt_gamma_AS,-0.5067235892770566,0.18486473613973559,0.10006423083027915,-0.689609375,-0.5047446388602643,-0.5895451441697208,0.001978950416792302,-0.08282155489266418,3.794299872214038e-15,7.993605777301127e-15,True
0.65,1.5,-1.5,1.876953125,inside_abs_gamma_lt_gamma_AS,-0.5510126748285815,0.1401338782144954,0.0818595449816073,-0.689609375,-0.5494754967855046,-0.6077498300183927,0.0015371780430769588,-0.05673715518981115,1.5619066391420388e-14,8.881784197001252e-15,True
0.65,1.6,-1.6,1.876953125,inside_abs_gamma_lt_gamma_AS,-0.5778606064490264,0.11283099207996572,0.06932745352145164,-0.689609375,-0.5767783829200342,-0.6202819214785483,0.0010822235289921212,-0.042421315029521955,7.160723346098895e-15,5.329070518200751e-15,True
0.65,1.7,-1.7,1.876953125,inside_abs_gamma_lt_gamma_AS,-0.6071173319646084,0.08263652599381954,0.05457294879227459,-0.689609375,-0.6069728490061804,-0.6350364262077254,0.00014448295842794945,-0.027919094243117004,1.130957117713137e-14,1.4210854715202004e-14,True
0.65,1.75,-1.75,1.876953125,inside_abs_gamma_lt_gamma_AS,-0.6222515640304715,0.06657401333985824,0.04636635193289118,-0.689609375,-0.6230353616601417,-0.6432430230671088,-0.0007837976296701799,-0.02099145903663724,9.739636741317752e-15,9.325873406851315e-15,True
0.65,1.8,-1.8,1.876953125,inside_abs_gamma_lt_gamma_AS,-0.6371942601471375,0.04995657763789518,0.03759719049748411,-0.689609375,-0.6396527973621048,-0.6520121845025159,-0.002458537214967249,-0.01481792435537832,7.49133218029267e-15,7.993605777301127e-15,True
0.65,1.825,-1.825,1.876953125,inside_abs_gamma_lt_gamma_AS,-0.6443323729236861,0.04147143140298937,0.03299407224617523,-0.689609375,-0.6481379435970106,-0.6566153027538247,-0.003805570673324543,-0.012282929830138678,1.3319271176405532e-13,5.329070518200751e-15,True
0.65,1.85,-1.85,1.876953125,inside_abs_gamma_lt_gamma_AS,-0.6510331977115581,0.03289544336121608,0.02823633112259083,-0.689609375,-0.6567139316387839,-0.6613730438774091,-0.0056807339272257895,-0.010339846165851041,3.166212224461749e-13,3.1086244689504383e-15,True
0.65,1.875,-1.875,1.876953125,inside_abs_gamma_lt_gamma_AS,-0.6571043703956445,0.024265127362755656,0.02392417622931986,-0.689609375,-0.6653442476372443,-0.6656851987706801,-0.008239877241599802,-0.008580828375035598,1.1382899616642112e-14,4.440892098500626e-15,True
0.65,1.9,-1.9,1.876953125,outside_abs_gamma_gt_gamma_AS,-0.6623803169564391,0.01566949838855658,0.020778110832282426,-0.689609375,-0.6739398766114434,-0.6688312641677175,-0.011559559655004326,-0.006450947211278479,1.3359632472723712e-14,0.0,True
0.65,1.95,-1.95,1.876953125,outside_abs_gamma_gt_gamma_AS,-0.6703504310126682,-0.001441558046796132,0.016020331455985803,-0.689609375,-0.6910509330467961,-0.6735890435440142,-0.020700502034127877,-0.0032386125313459413,5.773159728050814e-15,4.440892098500626e-15,True
0.65,2.0,-2.0,1.876953125,outside_abs_gamma_gt_gamma_AS,-0.6755096297129122,-0.019859130465632813,0.012517598306252875,-0.689609375,-0.7094685054656328,-0.6770917766937471,-0.03395887575272061,-0.0015821469808349198,5.478171638890975e-15,3.9968028886505635e-15,True
0.65,2.05,-2.05,1.876953125,outside_abs_gamma_gt_gamma_AS,-0.6789621391939313,-0.039395694627431865,0.009845992697303074,-0.689609375,-0.7290050696274318,-0.679763382302697,-0.0500429304335005,-0.0008012431087656147,5.420799638382024e-15,1.0033086519673305e-14,True
0.65,2.1,-2.1,1.876953125,outside_abs_gamma_gt_gamma_AS,-0.6814329135173893,-0.059906757228841645,0.09162377812979106,-0.689609375,-0.7495161322288416,-0.5979855968702089,-0.06808321871145229,0.08344731664718041,6.358389842764978e-15,1.1546319456101628e-14,True
